timestamp,side,threshold,hits_0-5s,hits_5-15s,hits_15-30s,hits_30-60s,hits_60-300s,hits_5-15m,hits_15-60m,hits_60+m,pct_0-5s,pct_5-15s,pct_15-30s,pct_30-60s,pct_60-300s,pct_5-15m,pct_15-60m,pct_60+m
2026-01-07T21:10:40.924Z,yes,0.95,0,0,0,0,2,0,0,0,0.00,0.00,0.00,0.00,100.00,0.00,0.00,0.00
2026-01-07T21:11:40.924Z,yes,0.95,0,0,0,0,2,0,0,0,0.00,0.00,0.00,0.00,100.00,0.00,0.00,0.00
2026-01-07T21:12:40.925Z,yes,0.95,0,0,0,0,645,0,0,0,0.00,0.00,0.00,0.00,100.00,0.00,0.00,0.00
2026-01-07T21:12:40.925Z,yes,0.97,0,0,0,0,312,0,0,0,0.00,0.00,0.00,0.00,100.00,0.00,0.00,0.00
2026-01-07T21:13:40.926Z,yes,0.95,0,0,0,0,1608,0,0,0,0.00,0.00,0.00,0.00,100.00,0.00,0.00,0.00
2026-01-07T21:13:40.926Z,yes,0.97,0,0,0,0,1003,0,0,0,0.00,0.00,0.00,0.00,100.00,0.00,0.00,0.00
2026-01-07T21:13:40.926Z,yes,0.99,0,0,0,0,143,0,0,0,0.00,0.00,0.00,0.00,100.00,0.00,0.00,0.00
2026-01-07T21:14:40.927Z,yes,0.95,0,0,8,38,1826,0,0,0,0.00,0.00,0.43,2.03,97.54,0.00,0.00,0.00
2026-01-07T21:14:40.927Z,yes,0.97,0,0,8,38,1221,0,0,0,0.00,0.00,0.63,3.00,96.37,0.00,0.00,0.00
2026-01-07T21:14:40.927Z,yes,0.99,0,0,8,38,359,0,0,0,0.00,0.00,1.98,9.38,88.64,0.00,0.00,0.00
2026-01-07T21:15:40.928Z,yes,0.95,12,19,10,38,1826,0,0,0,0.63,1.00,0.52,1.99,95.85,0.00,0.00,0.00
2026-01-07T21:15:40.928Z,yes,0.97,12,19,10,38,1221,0,0,0,0.92,1.46,0.77,2.92,93.92,0.00,0.00,0.00
2026-01-07T21:15:40.928Z,yes,0.99,12,19,10,38,359,0,0,0,2.74,4.34,2.28,8.68,81.96,0.00,0.00,0.00
2026-01-07T21:16:40.928Z,yes,0.95,12,19,10,38,1826,0,0,0,0.63,1.00,0.52,1.99,95.85,0.00,0.00,0.00
2026-01-07T21:16:40.928Z,yes,0.97,12,19,10,38,1221,0,0,0,0.92,1.46,0.77,2.92,93.92,0.00,0.00,0.00
2026-01-07T21:16:40.928Z,yes,0.99,12,19,10,38,359,0,0,0,2.74,4.34,2.28,8.68,81.96,0.00,0.00,0.00
2026-01-07T21:17:40.928Z,yes,0.95,12,19,10,38,1826,0,0,0,0.63,1.00,0.52,1.99,95.85,0.00,0.00,0.00
2026-01-07T21:17:40.928Z,yes,0.97,12,19,10,38,1221,0,0,0,0.92,1.46,0.77,2.92,93.92,0.00,0.00,0.00
2026-01-07T21:17:40.928Z,yes,0.99,12,19,10,38,359,0,0,0,2.74,4.34,2.28,8.68,81.96,0.00,0.00,0.00
2026-01-07T21:18:40.929Z,yes,0.95,12,19,10,38,1826,0,0,0,0.63,1.00,0.52,1.99,95.85,0.00,0.00,0.00
2026-01-07T21:18:40.929Z,yes,0.97,12,19,10,38,1221,0,0,0,0.92,1.46,0.77,2.92,93.92,0.00,0.00,0.00
2026-01-07T21:18:40.929Z,yes,0.99,12,19,10,38,359,0,0,0,2.74,4.34,2.28,8.68,81.96,0.00,0.00,0.00
2026-01-07T21:19:40.929Z,yes,0.95,12,19,10,38,1826,0,0,0,0.63,1.00,0.52,1.99,95.85,0.00,0.00,0.00
2026-01-07T21:19:40.929Z,yes,0.97,12,19,10,38,1221,0,0,0,0.92,1.46,0.77,2.92,93.92,0.00,0.00,0.00
2026-01-07T21:19:40.929Z,yes,0.99,12,19,10,38,359,0,0,0,2.74,4.34,2.28,8.68,81.96,0.00,0.00,0.00
2026-01-07T21:20:40.929Z,yes,0.95,12,19,10,38,1826,0,0,0,0.63,1.00,0.52,1.99,95.85,0.00,0.00,0.00
2026-01-07T21:20:40.929Z,yes,0.97,12,19,10,38,1221,0,0,0,0.92,1.46,0.77,2.92,93.92,0.00,0.00,0.00
2026-01-07T21:20:40.929Z,yes,0.99,12,19,10,38,359,0,0,0,2.74,4.34,2.28,8.68,81.96,0.00,0.00,0.00
2026-01-07T21:21:40.929Z,yes,0.95,12,19,10,38,1826,0,0,0,0.63,1.00,0.52,1.99,95.85,0.00,0.00,0.00
2026-01-07T21:21:40.929Z,yes,0.97,12,19,10,38,1221,0,0,0,0.92,1.46,0.77,2.92,93.92,0.00,0.00,0.00
2026-01-07T21:21:40.929Z,yes,0.99,12,19,10,38,359,0,0,0,2.74,4.34,2.28,8.68,81.96,0.00,0.00,0.00
2026-01-07T21:22:40.930Z,yes,0.95,12,19,10,38,1826,0,0,0,0.63,1.00,0.52,1.99,95.85,0.00,0.00,0.00
2026-01-07T21:22:40.930Z,yes,0.97,12,19,10,38,1221,0,0,0,0.92,1.46,0.77,2.92,93.92,0.00,0.00,0.00
2026-01-07T21:22:40.930Z,yes,0.99,12,19,10,38,359,0,0,0,2.74,4.34,2.28,8.68,81.96,0.00,0.00,0.00
2026-01-07T21:23:40.927Z,yes,0.95,12,19,10,38,1826,0,0,0,0.63,1.00,0.52,1.99,95.85,0.00,0.00,0.00
2026-01-07T21:23:40.927Z,yes,0.97,12,19,10,38,1221,0,0,0,0.92,1.46,0.77,2.92,93.92,0.00,0.00,0.00
2026-01-07T21:23:40.927Z,yes,0.99,12,19,10,38,359,0,0,0,2.74,4.34,2.28,8.68,81.96,0.00,0.00,0.00
2026-01-07T21:24:40.927Z,yes,0.95,12,19,10,38,1826,0,0,0,0.63,1.00,0.52,1.99,95.85,0.00,0.00,0.00
2026-01-07T21:24:40.927Z,yes,0.97,12,19,10,38,1221,0,0,0,0.92,1.46,0.77,2.92,93.92,0.00,0.00,0.00
2026-01-07T21:24:40.927Z,yes,0.99,12,19,10,38,359,0,0,0,2.74,4.34,2.28,8.68,81.96,0.00,0.00,0.00
2026-01-07T21:25:40.928Z,yes,0.95,12,19,10,38,1826,0,0,0,0.63,1.00,0.52,1.99,95.85,0.00,0.00,0.00
2026-01-07T21:25:40.928Z,yes,0.97,12,19,10,38,1221,0,0,0,0.92,1.46,0.77,2.92,93.92,0.00,0.00,0.00
2026-01-07T21:25:40.928Z,yes,0.99,12,19,10,38,359,0,0,0,2.74,4.34,2.28,8.68,81.96,0.00,0.00,0.00
2026-01-07T21:26:40.928Z,yes,0.95,12,19,10,38,1826,0,0,0,0.63,1.00,0.52,1.99,95.85,0.00,0.00,0.00
2026-01-07T21:26:40.928Z,yes,0.97,12,19,10,38,1221,0,0,0,0.92,1.46,0.77,2.92,93.92,0.00,0.00,0.00
2026-01-07T21:26:40.928Z,yes,0.99,12,19,10,38,359,0,0,0,2.74,4.34,2.28,8.68,81.96,0.00,0.00,0.00
2026-01-07T21:27:40.929Z,yes,0.95,12,19,10,38,1826,0,0,0,0.63,1.00,0.52,1.99,95.85,0.00,0.00,0.00
2026-01-07T21:27:40.929Z,yes,0.97,12,19,10,38,1221,0,0,0,0.92,1.46,0.77,2.92,93.92,0.00,0.00,0.00
2026-01-07T21:27:40.929Z,yes,0.99,12,19,10,38,359,0,0,0,2.74,4.34,2.28,8.68,81.96,0.00,0.00,0.00
2026-01-07T21:28:40.929Z,yes,0.95,12,19,10,38,1826,0,0,0,0.63,1.00,0.52,1.99,95.85,0.00,0.00,0.00
2026-01-07T21:28:40.929Z,yes,0.97,12,19,10,38,1221,0,0,0,0.92,1.46,0.77,2.92,93.92,0.00,0.00,0.00
2026-01-07T21:28:40.929Z,yes,0.99,12,19,10,38,359,0,0,0,2.74,4.34,2.28,8.68,81.96,0.00,0.00,0.00
2026-01-07T21:29:40.929Z,yes,0.95,12,19,109,115,1826,0,0,0,0.58,0.91,5.24,5.53,87.75,0.00,0.00,0.00
2026-01-07T21:29:40.929Z,yes,0.97,12,19,49,38,1221,0,0,0,0.90,1.42,3.66,2.84,91.19,0.00,0.00,0.00
2026-01-07T21:29:40.929Z,yes,0.99,12,19,10,38,359,0,0,0,2.74,4.34,2.28,8.68,81.96,0.00,0.00,0.00
2026-01-07T21:30:40.930Z,yes,0.95,360,289,194,115,1826,0,0,0,12.93,10.38,6.97,4.13,65.59,0.00,0.00,0.00
2026-01-07T21:30:40.930Z,yes,0.97,315,205,89,38,1221,0,0,0,16.86,10.97,4.76,2.03,65.36,0.00,0.00,0.00
2026-01-07T21:30:40.930Z,yes,0.99,166,66,28,38,359,0,0,0,25.27,10.05,4.26,5.78,54.64,0.00,0.00,0.00
2026-01-07T21:31:40.931Z,yes,0.95,360,289,194,115,1826,0,0,0,12.93,10.38,6.97,4.13,65.59,0.00,0.00,0.00
2026-01-07T21:31:40.931Z,yes,0.97,315,205,89,38,1221,0,0,0,16.86,10.97,4.76,2.03,65.36,0.00,0.00,0.00
2026-01-07T21:31:40.931Z,yes,0.99,166,66,28,38,359,0,0,0,25.27,10.05,4.26,5.78,54.64,0.00,0.00,0.00
2026-01-07T21:32:40.933Z,yes,0.95,360,289,194,115,1826,0,0,0,12.93,10.38,6.97,4.13,65.59,0.00,0.00,0.00
2026-01-07T21:32:40.933Z,yes,0.97,315,205,89,38,1221,0,0,0,16.86,10.97,4.76,2.03,65.36,0.00,0.00,0.00
2026-01-07T21:32:40.933Z,yes,0.99,166,66,28,38,359,0,0,0,25.27,10.05,4.26,5.78,54.64,0.00,0.00,0.00
2026-01-07T21:33:40.933Z,yes,0.95,360,289,194,115,1826,0,0,0,12.93,10.38,6.97,4.13,65.59,0.00,0.00,0.00
2026-01-07T21:33:40.933Z,yes,0.97,315,205,89,38,1221,0,0,0,16.86,10.97,4.76,2.03,65.36,0.00,0.00,0.00
2026-01-07T21:33:40.933Z,yes,0.99,166,66,28,38,359,0,0,0,25.27,10.05,4.26,5.78,54.64,0.00,0.00,0.00
2026-01-07T21:34:40.934Z,yes,0.95,360,289,194,115,1826,0,0,0,12.93,10.38,6.97,4.13,65.59,0.00,0.00,0.00
2026-01-07T21:34:40.934Z,yes,0.97,315,205,89,38,1221,0,0,0,16.86,10.97,4.76,2.03,65.36,0.00,0.00,0.00
2026-01-07T21:34:40.934Z,yes,0.99,166,66,28,38,359,0,0,0,25.27,10.05,4.26,5.78,54.64,0.00,0.00,0.00
2026-01-07T21:35:40.935Z,yes,0.95,360,289,194,115,1826,0,0,0,12.93,10.38,6.97,4.13,65.59,0.00,0.00,0.00
2026-01-07T21:35:40.935Z,yes,0.97,315,205,89,38,1221,0,0,0,16.86,10.97,4.76,2.03,65.36,0.00,0.00,0.00
2026-01-07T21:35:40.935Z,yes,0.99,166,66,28,38,359,0,0,0,25.27,10.05,4.26,5.78,54.64,0.00,0.00,0.00
2026-01-07T21:36:40.935Z,yes,0.95,360,289,194,115,1826,0,0,0,12.93,10.38,6.97,4.13,65.59,0.00,0.00,0.00
2026-01-07T21:36:40.935Z,yes,0.97,315,205,89,38,1221,0,0,0,16.86,10.97,4.76,2.03,65.36,0.00,0.00,0.00
2026-01-07T21:36:40.935Z,yes,0.99,166,66,28,38,359,0,0,0,25.27,10.05,4.26,5.78,54.64,0.00,0.00,0.00
2026-01-07T21:37:40.937Z,yes,0.95,360,289,194,115,1826,0,0,0,12.93,10.38,6.97,4.13,65.59,0.00,0.00,0.00
2026-01-07T21:37:40.937Z,yes,0.97,315,205,89,38,1221,0,0,0,16.86,10.97,4.76,2.03,65.36,0.00,0.00,0.00
2026-01-07T21:37:40.937Z,yes,0.99,166,66,28,38,359,0,0,0,25.27,10.05,4.26,5.78,54.64,0.00,0.00,0.00
2026-01-07T21:37:40.937Z,no,0.95,0,0,0,0,0,158,0,0,0.00,0.00,0.00,0.00,0.00,100.00,0.00,0.00
2026-01-07T21:38:40.939Z,yes,0.95,360,289,194,115,1826,0,0,0,12.93,10.38,6.97,4.13,65.59,0.00,0.00,0.00
2026-01-07T21:38:40.939Z,yes,0.97,315,205,89,38,1221,0,0,0,16.86,10.97,4.76,2.03,65.36,0.00,0.00,0.00
2026-01-07T21:38:40.939Z,yes,0.99,166,66,28,38,359,0,0,0,25.27,10.05,4.26,5.78,54.64,0.00,0.00,0.00
2026-01-07T21:38:40.939Z,no,0.95,0,0,0,0,0,158,0,0,0.00,0.00,0.00,0.00,0.00,100.00,0.00,0.00
2026-01-07T21:39:40.941Z,yes,0.95,360,289,194,115,1826,0,0,0,12.93,10.38,6.97,4.13,65.59,0.00,0.00,0.00
2026-01-07T21:39:40.941Z,yes,0.97,315,205,89,38,1221,0,0,0,16.86,10.97,4.76,2.03,65.36,0.00,0.00,0.00
2026-01-07T21:39:40.941Z,yes,0.99,166,66,28,38,359,0,0,0,25.27,10.05,4.26,5.78,54.64,0.00,0.00,0.00
2026-01-07T21:39:40.941Z,no,0.95,0,0,0,0,0,559,0,0,0.00,0.00,0.00,0.00,0.00,100.00,0.00,0.00
2026-01-07T21:39:40.941Z,no,0.97,0,0,0,0,0,114,0,0,0.00,0.00,0.00,0.00,0.00,100.00,0.00,0.00
2026-01-07T21:40:40.943Z,yes,0.95,360,289,194,115,1826,0,0,0,12.93,10.38,6.97,4.13,65.59,0.00,0.00,0.00
2026-01-07T21:40:40.943Z,yes,0.97,315,205,89,38,1221,0,0,0,16.86,10.97,4.76,2.03,65.36,0.00,0.00,0.00
2026-01-07T21:40:40.943Z,yes,0.99,166,66,28,38,359,0,0,0,25.27,10.05,4.26,5.78,54.64,0.00,0.00,0.00
2026-01-07T21:40:40.943Z,no,0.95,0,0,0,0,208,793,0,0,0.00,0.00,0.00,0.00,20.78,79.22,0.00,0.00
2026-01-07T21:40:40.943Z,no,0.97,0,0,0,0,32,248,0,0,0.00,0.00,0.00,0.00,11.43,88.57,0.00,0.00
2026-01-07T21:41:40.943Z,yes,0.95,360,289,194,115,1826,0,0,0,12.93,10.38,6.97,4.13,65.59,0.00,0.00,0.00
2026-01-07T21:41:40.943Z,yes,0.97,315,205,89,38,1221,0,0,0,16.86,10.97,4.76,2.03,65.36,0.00,0.00,0.00
2026-01-07T21:41:40.943Z,yes,0.99,166,66,28,38,359,0,0,0,25.27,10.05,4.26,5.78,54.64,0.00,0.00,0.00
2026-01-07T21:41:40.943Z,no,0.95,0,0,0,0,359,793,0,0,0.00,0.00,0.00,0.00,31.16,68.84,0.00,0.00
2026-01-07T21:41:40.943Z,no,0.97,0,0,0,0,32,248,0,0,0.00,0.00,0.00,0.00,11.43,88.57,0.00,0.00
2026-01-07T21:42:40.943Z,yes,0.95,360,289,194,115,2001,0,0,0,12.17,9.77,6.56,3.89,67.62,0.00,0.00,0.00
2026-01-07T21:42:40.943Z,yes,0.97,315,205,89,38,1266,0,0,0,16.47,10.72,4.65,1.99,66.18,0.00,0.00,0.00
2026-01-07T21:42:40.943Z,yes,0.99,166,66,28,38,359,0,0,0,25.27,10.05,4.26,5.78,54.64,0.00,0.00,0.00
2026-01-07T21:42:40.943Z,no,0.95,0,0,0,0,361,793,0,0,0.00,0.00,0.00,0.00,31.28,68.72,0.00,0.00
2026-01-07T21:42:40.943Z,no,0.97,0,0,0,0,32,248,0,0,0.00,0.00,0.00,0.00,11.43,88.57,0.00,0.00
2026-01-07T21:43:40.945Z,yes,0.95,360,289,194,115,2303,0,0,0,11.04,8.86,5.95,3.53,70.62,0.00,0.00,0.00
2026-01-07T21:43:40.945Z,yes,0.97,315,205,89,38,1454,0,0,0,14.99,9.76,4.24,1.81,69.21,0.00,0.00,0.00
2026-01-07T21:43:40.945Z,yes,0.99,166,66,28,38,429,0,0,0,22.83,9.08,3.85,5.23,59.01,0.00,0.00,0.00
2026-01-07T21:43:40.945Z,no,0.95,0,0,0,0,463,793,0,0,0.00,0.00,0.00,0.00,36.86,63.14,0.00,0.00
2026-01-07T21:43:40.945Z,no,0.97,0,0,0,0,32,248,0,0,0.00,0.00,0.00,0.00,11.43,88.57,0.00,0.00
2026-01-07T21:44:40.948Z,yes,0.95,360,289,194,119,2310,0,0,0,11.00,8.83,5.93,3.64,70.60,0.00,0.00,0.00
2026-01-07T21:44:40.948Z,yes,0.97,315,205,89,42,1461,0,0,0,14.91,9.71,4.21,1.99,69.18,0.00,0.00,0.00
2026-01-07T21:44:40.948Z,yes,0.99,166,66,28,42,436,0,0,0,22.49,8.94,3.79,5.69,59.08,0.00,0.00,0.00
2026-01-07T21:44:40.948Z,no,0.95,0,0,61,315,928,793,0,0,0.00,0.00,2.91,15.02,44.25,37.82,0.00,0.00
2026-01-07T21:44:40.948Z,no,0.97,0,0,61,309,402,248,0,0,0.00,0.00,5.98,30.29,39.41,24.31,0.00,0.00
2026-01-07T21:44:40.948Z,no,0.99,0,0,31,203,0,0,0,0,0.00,0.00,13.25,86.75,0.00,0.00,0.00,0.00
2026-01-07T21:45:40.949Z,yes,0.95,360,307,194,119,2310,0,0,0,10.94,9.33,5.90,3.62,70.21,0.00,0.00,0.00
2026-01-07T21:45:40.949Z,yes,0.97,315,223,89,42,1461,0,0,0,14.79,10.47,4.18,1.97,68.59,0.00,0.00,0.00
2026-01-07T21:45:40.949Z,yes,0.99,166,84,28,42,436,0,0,0,21.96,11.11,3.70,5.56,57.67,0.00,0.00,0.00
2026-01-07T21:45:40.949Z,no,0.95,69,86,78,315,928,793,0,0,3.04,3.79,3.44,13.88,40.90,34.95,0.00,0.00
2026-01-07T21:45:40.949Z,no,0.97,69,83,76,309,402,248,0,0,5.81,6.99,6.40,26.03,33.87,20.89,0.00,0.00
2026-01-07T21:45:40.949Z,no,0.99,40,73,46,203,0,0,0,0,11.05,20.17,12.71,56.08,0.00,0.00,0.00,0.00
2026-01-07T21:46:40.949Z,yes,0.95,360,307,194,119,2310,0,0,0,10.94,9.33,5.90,3.62,70.21,0.00,0.00,0.00
2026-01-07T21:46:40.949Z,yes,0.97,315,223,89,42,1461,0,0,0,14.79,10.47,4.18,1.97,68.59,0.00,0.00,0.00
2026-01-07T21:46:40.949Z,yes,0.99,166,84,28,42,436,0,0,0,21.96,11.11,3.70,5.56,57.67,0.00,0.00,0.00
2026-01-07T21:46:40.949Z,no,0.95,69,86,78,315,928,793,0,0,3.04,3.79,3.44,13.88,40.90,34.95,0.00,0.00
2026-01-07T21:46:40.949Z,no,0.97,69,83,76,309,402,248,0,0,5.81,6.99,6.40,26.03,33.87,20.89,0.00,0.00
2026-01-07T21:46:40.949Z,no,0.99,40,73,46,203,0,0,0,0,11.05,20.17,12.71,56.08,0.00,0.00,0.00,0.00
2026-01-07T21:47:40.950Z,yes,0.95,360,307,194,119,2310,0,0,0,10.94,9.33,5.90,3.62,70.21,0.00,0.00,0.00
2026-01-07T21:47:40.950Z,yes,0.97,315,223,89,42,1461,0,0,0,14.79,10.47,4.18,1.97,68.59,0.00,0.00,0.00
2026-01-07T21:47:40.950Z,yes,0.99,166,84,28,42,436,0,0,0,21.96,11.11,3.70,5.56,57.67,0.00,0.00,0.00
2026-01-07T21:47:40.950Z,no,0.95,69,86,78,315,928,793,0,0,3.04,3.79,3.44,13.88,40.90,34.95,0.00,0.00
2026-01-07T21:47:40.950Z,no,0.97,69,83,76,309,402,248,0,0,5.81,6.99,6.40,26.03,33.87,20.89,0.00,0.00
2026-01-07T21:47:40.950Z,no,0.99,40,73,46,203,0,0,0,0,11.05,20.17,12.71,56.08,0.00,0.00,0.00,0.00
2026-01-07T21:48:40.953Z,yes,0.95,360,307,194,119,2310,0,0,0,10.94,9.33,5.90,3.62,70.21,0.00,0.00,0.00
2026-01-07T21:48:40.953Z,yes,0.97,315,223,89,42,1461,0,0,0,14.79,10.47,4.18,1.97,68.59,0.00,0.00,0.00
2026-01-07T21:48:40.953Z,yes,0.99,166,84,28,42,436,0,0,0,21.96,11.11,3.70,5.56,57.67,0.00,0.00,0.00
2026-01-07T21:48:40.953Z,no,0.95,69,86,78,315,928,793,0,0,3.04,3.79,3.44,13.88,40.90,34.95,0.00,0.00
2026-01-07T21:48:40.953Z,no,0.97,69,83,76,309,402,248,0,0,5.81,6.99,6.40,26.03,33.87,20.89,0.00,0.00
2026-01-07T21:48:40.953Z,no,0.99,40,73,46,203,0,0,0,0,11.05,20.17,12.71,56.08,0.00,0.00,0.00,0.00
2026-01-07T21:49:40.954Z,yes,0.95,360,307,194,119,2310,0,0,0,10.94,9.33,5.90,3.62,70.21,0.00,0.00,0.00
2026-01-07T21:49:40.954Z,yes,0.97,315,223,89,42,1461,0,0,0,14.79,10.47,4.18,1.97,68.59,0.00,0.00,0.00
2026-01-07T21:49:40.954Z,yes,0.99,166,84,28,42,436,0,0,0,21.96,11.11,3.70,5.56,57.67,0.00,0.00,0.00
2026-01-07T21:49:40.954Z,no,0.95,69,86,78,315,928,793,0,0,3.04,3.79,3.44,13.88,40.90,34.95,0.00,0.00
2026-01-07T21:49:40.954Z,no,0.97,69,83,76,309,402,248,0,0,5.81,6.99,6.40,26.03,33.87,20.89,0.00,0.00
2026-01-07T21:49:40.954Z,no,0.99,40,73,46,203,0,0,0,0,11.05,20.17,12.71,56.08,0.00,0.00,0.00,0.00
2026-01-07T21:50:40.955Z,yes,0.95,360,307,194,119,2310,0,0,0,10.94,9.33,5.90,3.62,70.21,0.00,0.00,0.00
2026-01-07T21:50:40.955Z,yes,0.97,315,223,89,42,1461,0,0,0,14.79,10.47,4.18,1.97,68.59,0.00,0.00,0.00
2026-01-07T21:50:40.955Z,yes,0.99,166,84,28,42,436,0,0,0,21.96,11.11,3.70,5.56,57.67,0.00,0.00,0.00
2026-01-07T21:50:40.955Z,no,0.95,69,86,78,315,928,793,0,0,3.04,3.79,3.44,13.88,40.90,34.95,0.00,0.00
2026-01-07T21:50:40.955Z,no,0.97,69,83,76,309,402,248,0,0,5.81,6.99,6.40,26.03,33.87,20.89,0.00,0.00
2026-01-07T21:50:40.955Z,no,0.99,40,73,46,203,0,0,0,0,11.05,20.17,12.71,56.08,0.00,0.00,0.00,0.00
2026-01-07T21:51:40.956Z,yes,0.95,360,307,194,119,2310,0,0,0,10.94,9.33,5.90,3.62,70.21,0.00,0.00,0.00
2026-01-07T21:51:40.956Z,yes,0.97,315,223,89,42,1461,0,0,0,14.79,10.47,4.18,1.97,68.59,0.00,0.00,0.00
2026-01-07T21:51:40.956Z,yes,0.99,166,84,28,42,436,0,0,0,21.96,11.11,3.70,5.56,57.67,0.00,0.00,0.00
2026-01-07T21:51:40.956Z,no,0.95,69,86,78,315,928,793,0,0,3.04,3.79,3.44,13.88,40.90,34.95,0.00,0.00
2026-01-07T21:51:40.956Z,no,0.97,69,83,76,309,402,248,0,0,5.81,6.99,6.40,26.03,33.87,20.89,0.00,0.00
2026-01-07T21:51:40.956Z,no,0.99,40,73,46,203,0,0,0,0,11.05,20.17,12.71,56.08,0.00,0.00,0.00,0.00
2026-01-07T21:52:40.957Z,yes,0.95,360,307,194,119,2310,0,0,0,10.94,9.33,5.90,3.62,70.21,0.00,0.00,0.00
2026-01-07T21:52:40.957Z,yes,0.97,315,223,89,42,1461,0,0,0,14.79,10.47,4.18,1.97,68.59,0.00,0.00,0.00
2026-01-07T21:52:40.957Z,yes,0.99,166,84,28,42,436,0,0,0,21.96,11.11,3.70,5.56,57.67,0.00,0.00,0.00
2026-01-07T21:52:40.957Z,no,0.95,69,86,78,315,928,793,0,0,3.04,3.79,3.44,13.88,40.90,34.95,0.00,0.00
2026-01-07T21:52:40.957Z,no,0.97,69,83,76,309,402,248,0,0,5.81,6.99,6.40,26.03,33.87,20.89,0.00,0.00
2026-01-07T21:52:40.957Z,no,0.99,40,73,46,203,0,0,0,0,11.05,20.17,12.71,56.08,0.00,0.00,0.00,0.00
2026-01-07T21:53:40.959Z,yes,0.95,360,307,194,119,2310,0,0,0,10.94,9.33,5.90,3.62,70.21,0.00,0.00,0.00
2026-01-07T21:53:40.959Z,yes,0.97,315,223,89,42,1461,0,0,0,14.79,10.47,4.18,1.97,68.59,0.00,0.00,0.00
2026-01-07T21:53:40.959Z,yes,0.99,166,84,28,42,436,0,0,0,21.96,11.11,3.70,5.56,57.67,0.00,0.00,0.00
2026-01-07T21:53:40.959Z,no,0.95,69,86,78,315,928,793,0,0,3.04,3.79,3.44,13.88,40.90,34.95,0.00,0.00
2026-01-07T21:53:40.959Z,no,0.97,69,83,76,309,402,248,0,0,5.81,6.99,6.40,26.03,33.87,20.89,0.00,0.00
2026-01-07T21:53:40.959Z,no,0.99,40,73,46,203,0,0,0,0,11.05,20.17,12.71,56.08,0.00,0.00,0.00,0.00
2026-01-07T21:54:40.959Z,yes,0.95,360,307,194,119,2310,0,0,0,10.94,9.33,5.90,3.62,70.21,0.00,0.00,0.00
2026-01-07T21:54:40.959Z,yes,0.97,315,223,89,42,1461,0,0,0,14.79,10.47,4.18,1.97,68.59,0.00,0.00,0.00
2026-01-07T21:54:40.959Z,yes,0.99,166,84,28,42,436,0,0,0,21.96,11.11,3.70,5.56,57.67,0.00,0.00,0.00
2026-01-07T21:54:40.959Z,no,0.95,69,86,78,315,928,793,0,0,3.04,3.79,3.44,13.88,40.90,34.95,0.00,0.00
2026-01-07T21:54:40.959Z,no,0.97,69,83,76,309,402,248,0,0,5.81,6.99,6.40,26.03,33.87,20.89,0.00,0.00
2026-01-07T21:54:40.959Z,no,0.99,40,73,46,203,0,0,0,0,11.05,20.17,12.71,56.08,0.00,0.00,0.00,0.00
2026-01-07T21:55:40.959Z,yes,0.95,360,307,194,119,2310,0,0,0,10.94,9.33,5.90,3.62,70.21,0.00,0.00,0.00
2026-01-07T21:55:40.959Z,yes,0.97,315,223,89,42,1461,0,0,0,14.79,10.47,4.18,1.97,68.59,0.00,0.00,0.00
2026-01-07T21:55:40.959Z,yes,0.99,166,84,28,42,436,0,0,0,21.96,11.11,3.70,5.56,57.67,0.00,0.00,0.00
2026-01-07T21:55:40.959Z,no,0.95,69,86,78,315,928,793,0,0,3.04,3.79,3.44,13.88,40.90,34.95,0.00,0.00
2026-01-07T21:55:40.959Z,no,0.97,69,83,76,309,402,248,0,0,5.81,6.99,6.40,26.03,33.87,20.89,0.00,0.00
2026-01-07T21:55:40.959Z,no,0.99,40,73,46,203,0,0,0,0,11.05,20.17,12.71,56.08,0.00,0.00,0.00,0.00
2026-01-07T21:56:40.961Z,yes,0.95,360,307,194,119,2310,0,0,0,10.94,9.33,5.90,3.62,70.21,0.00,0.00,0.00
2026-01-07T21:56:40.961Z,yes,0.97,315,223,89,42,1461,0,0,0,14.79,10.47,4.18,1.97,68.59,0.00,0.00,0.00
2026-01-07T21:56:40.961Z,yes,0.99,166,84,28,42,436,0,0,0,21.96,11.11,3.70,5.56,57.67,0.00,0.00,0.00
2026-01-07T21:56:40.961Z,no,0.95,69,86,78,315,928,793,0,0,3.04,3.79,3.44,13.88,40.90,34.95,0.00,0.00
2026-01-07T21:56:40.961Z,no,0.97,69,83,76,309,402,248,0,0,5.81,6.99,6.40,26.03,33.87,20.89,0.00,0.00
2026-01-07T21:56:40.961Z,no,0.99,40,73,46,203,0,0,0,0,11.05,20.17,12.71,56.08,0.00,0.00,0.00,0.00
2026-01-07T21:57:40.962Z,yes,0.95,360,307,194,119,2310,0,0,0,10.94,9.33,5.90,3.62,70.21,0.00,0.00,0.00
2026-01-07T21:57:40.962Z,yes,0.97,315,223,89,42,1461,0,0,0,14.79,10.47,4.18,1.97,68.59,0.00,0.00,0.00
2026-01-07T21:57:40.962Z,yes,0.99,166,84,28,42,436,0,0,0,21.96,11.11,3.70,5.56,57.67,0.00,0.00,0.00
2026-01-07T21:57:40.962Z,no,0.95,69,86,78,315,1017,793,0,0,2.93,3.65,3.31,13.36,43.13,33.63,0.00,0.00
2026-01-07T21:57:40.962Z,no,0.97,69,83,76,309,457,248,0,0,5.56,6.68,6.12,24.88,36.80,19.97,0.00,0.00
2026-01-07T21:57:40.962Z,no,0.99,40,73,46,203,9,0,0,0,10.78,19.68,12.40,54.72,2.43,0.00,0.00,0.00
2026-01-07T21:58:40.962Z,yes,0.95,360,307,194,119,2310,0,0,0,10.94,9.33,5.90,3.62,70.21,0.00,0.00,0.00
2026-01-07T21:58:40.962Z,yes,0.97,315,223,89,42,1461,0,0,0,14.79,10.47,4.18,1.97,68.59,0.00,0.00,0.00
2026-01-07T21:58:40.962Z,yes,0.99,166,84,28,42,436,0,0,0,21.96,11.11,3.70,5.56,57.67,0.00,0.00,0.00
2026-01-07T21:58:40.962Z,no,0.95,69,86,78,315,1078,793,0,0,2.85,3.56,3.22,13.02,44.56,32.78,0.00,0.00
2026-01-07T21:58:40.962Z,no,0.97,69,83,76,309,518,248,0,0,5.30,6.37,5.83,23.71,39.75,19.03,0.00,0.00
2026-01-07T21:58:40.962Z,no,0.99,40,73,46,203,60,0,0,0,9.48,17.30,10.90,48.10,14.22,0.00,0.00,0.00
2026-01-07T21:59:40.963Z,yes,0.95,360,307,433,357,2346,0,0,0,9.47,8.07,11.39,9.39,61.69,0.00,0.00,0.00
2026-01-07T21:59:40.963Z,yes,0.97,315,223,324,234,1463,0,0,0,12.31,8.71,12.66,9.14,57.17,0.00,0.00,0.00
2026-01-07T21:59:40.963Z,yes,0.99,166,84,29,42,436,0,0,0,21.93,11.10,3.83,5.55,57.60,0.00,0.00,0.00
2026-01-07T21:59:40.963Z,no,0.95,69,86,79,316,1083,793,0,0,2.84,3.54,3.26,13.03,44.64,32.69,0.00,0.00
2026-01-07T21:59:40.963Z,no,0.97,69,83,77,310,523,248,0,0,5.27,6.34,5.88,23.66,39.92,18.93,0.00,0.00
2026-01-07T21:59:40.963Z,no,0.99,40,73,47,204,65,0,0,0,9.32,17.02,10.96,47.55,15.15,0.00,0.00,0.00
2026-01-07T22:00:40.965Z,yes,0.95,437,480,478,357,2346,0,0,0,10.66,11.71,11.66,8.71,57.25,0.00,0.00,0.00
2026-01-07T22:00:40.965Z,yes,0.97,391,396,369,234,1463,0,0,0,13.70,13.88,12.93,8.20,51.28,0.00,0.00,0.00
2026-01-07T22:00:40.965Z,yes,0.99,193,238,53,42,436,0,0,0,20.06,24.74,5.51,4.37,45.32,0.00,0.00,0.00
2026-01-07T22:00:40.965Z,no,0.95,251,104,82,316,1083,793,0,0,9.55,3.96,3.12,12.02,41.19,30.16,0.00,0.00
2026-01-07T22:00:40.965Z,no,0.97,224,90,80,310,523,248,0,0,15.19,6.10,5.42,21.02,35.46,16.81,0.00,0.00
2026-01-07T22:00:40.965Z,no,0.99,91,80,50,204,65,0,0,0,18.57,16.33,10.20,41.63,13.27,0.00,0.00,0.00
2026-01-07T22:01:40.965Z,yes,0.95,437,480,478,357,2346,0,0,0,10.66,11.71,11.66,8.71,57.25,0.00,0.00,0.00
2026-01-07T22:01:40.965Z,yes,0.97,391,396,369,234,1463,0,0,0,13.70,13.88,12.93,8.20,51.28,0.00,0.00,0.00
2026-01-07T22:01:40.965Z,yes,0.99,193,238,53,42,436,0,0,0,20.06,24.74,5.51,4.37,45.32,0.00,0.00,0.00
2026-01-07T22:01:40.965Z,no,0.95,251,104,82,316,1083,793,0,0,9.55,3.96,3.12,12.02,41.19,30.16,0.00,0.00
2026-01-07T22:01:40.965Z,no,0.97,224,90,80,310,523,248,0,0,15.19,6.10,5.42,21.02,35.46,16.81,0.00,0.00
2026-01-07T22:01:40.965Z,no,0.99,91,80,50,204,65,0,0,0,18.57,16.33,10.20,41.63,13.27,0.00,0.00,0.00
2026-01-07T22:02:40.967Z,yes,0.95,437,480,478,357,2346,0,0,0,10.66,11.71,11.66,8.71,57.25,0.00,0.00,0.00
2026-01-07T22:02:40.967Z,yes,0.97,391,396,369,234,1463,0,0,0,13.70,13.88,12.93,8.20,51.28,0.00,0.00,0.00
2026-01-07T22:02:40.967Z,yes,0.99,193,238,53,42,436,0,0,0,20.06,24.74,5.51,4.37,45.32,0.00,0.00,0.00
2026-01-07T22:02:40.967Z,no,0.95,251,104,82,316,1083,793,0,0,9.55,3.96,3.12,12.02,41.19,30.16,0.00,0.00
2026-01-07T22:02:40.967Z,no,0.97,224,90,80,310,523,248,0,0,15.19,6.10,5.42,21.02,35.46,16.81,0.00,0.00
2026-01-07T22:02:40.967Z,no,0.99,91,80,50,204,65,0,0,0,18.57,16.33,10.20,41.63,13.27,0.00,0.00,0.00
2026-01-07T22:03:40.968Z,yes,0.95,437,480,478,357,2346,0,0,0,10.66,11.71,11.66,8.71,57.25,0.00,0.00,0.00
2026-01-07T22:03:40.968Z,yes,0.97,391,396,369,234,1463,0,0,0,13.70,13.88,12.93,8.20,51.28,0.00,0.00,0.00
2026-01-07T22:03:40.968Z,yes,0.99,193,238,53,42,436,0,0,0,20.06,24.74,5.51,4.37,45.32,0.00,0.00,0.00
2026-01-07T22:03:40.968Z,no,0.95,251,104,82,316,1083,793,0,0,9.55,3.96,3.12,12.02,41.19,30.16,0.00,0.00
2026-01-07T22:03:40.968Z,no,0.97,224,90,80,310,523,248,0,0,15.19,6.10,5.42,21.02,35.46,16.81,0.00,0.00
2026-01-07T22:03:40.968Z,no,0.99,91,80,50,204,65,0,0,0,18.57,16.33,10.20,41.63,13.27,0.00,0.00,0.00
2026-01-07T22:04:40.970Z,yes,0.95,437,480,478,357,2346,0,0,0,10.66,11.71,11.66,8.71,57.25,0.00,0.00,0.00
2026-01-07T22:04:40.970Z,yes,0.97,391,396,369,234,1463,0,0,0,13.70,13.88,12.93,8.20,51.28,0.00,0.00,0.00
2026-01-07T22:04:40.970Z,yes,0.99,193,238,53,42,436,0,0,0,20.06,24.74,5.51,4.37,45.32,0.00,0.00,0.00
2026-01-07T22:04:40.970Z,no,0.95,251,104,82,316,1083,793,0,0,9.55,3.96,3.12,12.02,41.19,30.16,0.00,0.00
2026-01-07T22:04:40.970Z,no,0.97,224,90,80,310,523,248,0,0,15.19,6.10,5.42,21.02,35.46,16.81,0.00,0.00
2026-01-07T22:04:40.970Z,no,0.99,91,80,50,204,65,0,0,0,18.57,16.33,10.20,41.63,13.27,0.00,0.00,0.00
2026-01-07T22:05:40.971Z,yes,0.95,437,480,478,357,2346,0,0,0,10.66,11.71,11.66,8.71,57.25,0.00,0.00,0.00
2026-01-07T22:05:40.971Z,yes,0.97,391,396,369,234,1463,0,0,0,13.70,13.88,12.93,8.20,51.28,0.00,0.00,0.00
2026-01-07T22:05:40.971Z,yes,0.99,193,238,53,42,436,0,0,0,20.06,24.74,5.51,4.37,45.32,0.00,0.00,0.00
2026-01-07T22:05:40.971Z,no,0.95,251,104,82,316,1083,832,0,0,9.41,3.90,3.07,11.84,40.59,31.18,0.00,0.00
2026-01-07T22:05:40.971Z,no,0.97,224,90,80,310,523,248,0,0,15.19,6.10,5.42,21.02,35.46,16.81,0.00,0.00
2026-01-07T22:05:40.971Z,no,0.99,91,80,50,204,65,0,0,0,18.57,16.33,10.20,41.63,13.27,0.00,0.00,0.00
2026-01-07T22:06:40.971Z,yes,0.95,437,480,478,357,2346,0,0,0,10.66,11.71,11.66,8.71,57.25,0.00,0.00,0.00
2026-01-07T22:06:40.971Z,yes,0.97,391,396,369,234,1463,0,0,0,13.70,13.88,12.93,8.20,51.28,0.00,0.00,0.00
2026-01-07T22:06:40.971Z,yes,0.99,193,238,53,42,436,0,0,0,20.06,24.74,5.51,4.37,45.32,0.00,0.00,0.00
2026-01-07T22:06:40.971Z,no,0.95,251,104,82,316,1083,832,0,0,9.41,3.90,3.07,11.84,40.59,31.18,0.00,0.00
2026-01-07T22:06:40.971Z,no,0.97,224,90,80,310,523,248,0,0,15.19,6.10,5.42,21.02,35.46,16.81,0.00,0.00
2026-01-07T22:06:40.971Z,no,0.99,91,80,50,204,65,0,0,0,18.57,16.33,10.20,41.63,13.27,0.00,0.00,0.00
2026-01-07T22:07:40.972Z,yes,0.95,437,480,478,357,2346,0,0,0,10.66,11.71,11.66,8.71,57.25,0.00,0.00,0.00
2026-01-07T22:07:40.972Z,yes,0.97,391,396,369,234,1463,0,0,0,13.70,13.88,12.93,8.20,51.28,0.00,0.00,0.00
2026-01-07T22:07:40.972Z,yes,0.99,193,238,53,42,436,0,0,0,20.06,24.74,5.51,4.37,45.32,0.00,0.00,0.00
2026-01-07T22:07:40.972Z,no,0.95,251,104,82,316,1083,832,0,0,9.41,3.90,3.07,11.84,40.59,31.18,0.00,0.00
2026-01-07T22:07:40.972Z,no,0.97,224,90,80,310,523,248,0,0,15.19,6.10,5.42,21.02,35.46,16.81,0.00,0.00
2026-01-07T22:07:40.972Z,no,0.99,91,80,50,204,65,0,0,0,18.57,16.33,10.20,41.63,13.27,0.00,0.00,0.00
2026-01-07T22:08:40.974Z,yes,0.95,437,480,478,357,2346,0,0,0,10.66,11.71,11.66,8.71,57.25,0.00,0.00,0.00
2026-01-07T22:08:40.974Z,yes,0.97,391,396,369,234,1463,0,0,0,13.70,13.88,12.93,8.20,51.28,0.00,0.00,0.00
2026-01-07T22:08:40.974Z,yes,0.99,193,238,53,42,436,0,0,0,20.06,24.74,5.51,4.37,45.32,0.00,0.00,0.00
2026-01-07T22:08:40.974Z,no,0.95,251,104,82,316,1083,832,0,0,9.41,3.90,3.07,11.84,40.59,31.18,0.00,0.00
2026-01-07T22:08:40.974Z,no,0.97,224,90,80,310,523,248,0,0,15.19,6.10,5.42,21.02,35.46,16.81,0.00,0.00
2026-01-07T22:08:40.974Z,no,0.99,91,80,50,204,65,0,0,0,18.57,16.33,10.20,41.63,13.27,0.00,0.00,0.00
2026-01-07T22:09:40.976Z,yes,0.95,437,480,478,357,2346,0,0,0,10.66,11.71,11.66,8.71,57.25,0.00,0.00,0.00
2026-01-07T22:09:40.976Z,yes,0.97,391,396,369,234,1463,0,0,0,13.70,13.88,12.93,8.20,51.28,0.00,0.00,0.00
2026-01-07T22:09:40.976Z,yes,0.99,193,238,53,42,436,0,0,0,20.06,24.74,5.51,4.37,45.32,0.00,0.00,0.00
2026-01-07T22:09:40.976Z,no,0.95,251,104,82,316,1083,832,0,0,9.41,3.90,3.07,11.84,40.59,31.18,0.00,0.00
2026-01-07T22:09:40.976Z,no,0.97,224,90,80,310,523,248,0,0,15.19,6.10,5.42,21.02,35.46,16.81,0.00,0.00
2026-01-07T22:09:40.976Z,no,0.99,91,80,50,204,65,0,0,0,18.57,16.33,10.20,41.63,13.27,0.00,0.00,0.00
2026-01-07T22:10:40.975Z,yes,0.95,437,480,478,357,2346,0,0,0,10.66,11.71,11.66,8.71,57.25,0.00,0.00,0.00
2026-01-07T22:10:40.975Z,yes,0.97,391,396,369,234,1463,0,0,0,13.70,13.88,12.93,8.20,51.28,0.00,0.00,0.00
2026-01-07T22:10:40.975Z,yes,0.99,193,238,53,42,436,0,0,0,20.06,24.74,5.51,4.37,45.32,0.00,0.00,0.00
2026-01-07T22:10:40.975Z,no,0.95,251,104,82,316,1163,832,0,0,9.13,3.78,2.98,11.50,42.32,30.28,0.00,0.00
2026-01-07T22:10:40.975Z,no,0.97,224,90,80,310,582,248,0,0,14.60,5.87,5.22,20.21,37.94,16.17,0.00,0.00
2026-01-07T22:10:40.975Z,no,0.99,91,80,50,204,65,0,0,0,18.57,16.33,10.20,41.63,13.27,0.00,0.00,0.00
2026-01-07T22:11:40.975Z,yes,0.95,437,480,478,357,2346,0,0,0,10.66,11.71,11.66,8.71,57.25,0.00,0.00,0.00
2026-01-07T22:11:40.975Z,yes,0.97,391,396,369,234,1463,0,0,0,13.70,13.88,12.93,8.20,51.28,0.00,0.00,0.00
2026-01-07T22:11:40.975Z,yes,0.99,193,238,53,42,436,0,0,0,20.06,24.74,5.51,4.37,45.32,0.00,0.00,0.00
2026-01-07T22:11:40.975Z,no,0.95,251,104,82,316,1213,832,0,0,8.97,3.72,2.93,11.29,43.35,29.74,0.00,0.00
2026-01-07T22:11:40.975Z,no,0.97,224,90,80,310,632,248,0,0,14.14,5.68,5.05,19.57,39.90,15.66,0.00,0.00
2026-01-07T22:11:40.975Z,no,0.99,91,80,50,204,101,0,0,0,17.30,15.21,9.51,38.78,19.20,0.00,0.00,0.00
2026-01-07T22:12:40.977Z,yes,0.95,437,480,478,357,2389,0,0,0,10.55,11.59,11.54,8.62,57.69,0.00,0.00,0.00
2026-01-07T22:12:40.977Z,yes,0.97,391,396,369,234,1463,0,0,0,13.70,13.88,12.93,8.20,51.28,0.00,0.00,0.00
2026-01-07T22:12:40.977Z,yes,0.99,193,238,53,42,436,0,0,0,20.06,24.74,5.51,4.37,45.32,0.00,0.00,0.00
2026-01-07T22:12:40.977Z,no,0.95,251,104,82,316,1645,832,0,0,7.77,3.22,2.54,9.78,50.93,25.76,0.00,0.00
2026-01-07T22:12:40.977Z,no,0.97,224,90,80,310,937,248,0,0,11.86,4.76,4.24,16.41,49.60,13.13,0.00,0.00
2026-01-07T22:12:40.977Z,no,0.99,91,80,50,204,148,0,0,0,15.88,13.96,8.73,35.60,25.83,0.00,0.00,0.00
2026-01-07T22:13:40.978Z,yes,0.95,437,480,478,357,2389,0,0,0,10.55,11.59,11.54,8.62,57.69,0.00,0.00,0.00
2026-01-07T22:13:40.978Z,yes,0.97,391,396,369,234,1463,0,0,0,13.70,13.88,12.93,8.20,51.28,0.00,0.00,0.00
2026-01-07T22:13:40.978Z,yes,0.99,193,238,53,42,436,0,0,0,20.06,24.74,5.51,4.37,45.32,0.00,0.00,0.00
2026-01-07T22:13:40.978Z,no,0.95,251,104,82,316,1866,832,0,0,7.27,3.01,2.38,9.16,54.07,24.11,0.00,0.00
2026-01-07T22:13:40.978Z,no,0.97,224,90,80,310,1119,248,0,0,10.82,4.35,3.86,14.97,54.03,11.97,0.00,0.00
2026-01-07T22:13:40.978Z,no,0.99,91,80,50,204,178,0,0,0,15.09,13.27,8.29,33.83,29.52,0.00,0.00,0.00
2026-01-07T22:14:40.979Z,yes,0.95,437,480,478,357,2389,0,0,0,10.55,11.59,11.54,8.62,57.69,0.00,0.00,0.00
2026-01-07T22:14:40.979Z,yes,0.97,391,396,369,234,1463,0,0,0,13.70,13.88,12.93,8.20,51.28,0.00,0.00,0.00
2026-01-07T22:14:40.979Z,yes,0.99,193,238,53,42,436,0,0,0,20.06,24.74,5.51,4.37,45.32,0.00,0.00,0.00
2026-01-07T22:14:40.979Z,no,0.95,251,104,82,316,1866,832,0,0,7.27,3.01,2.38,9.16,54.07,24.11,0.00,0.00
2026-01-07T22:14:40.979Z,no,0.97,224,90,80,310,1119,248,0,0,10.82,4.35,3.86,14.97,54.03,11.97,0.00,0.00
2026-01-07T22:14:40.979Z,no,0.99,91,80,50,204,178,0,0,0,15.09,13.27,8.29,33.83,29.52,0.00,0.00,0.00
2026-01-07T22:15:40.981Z,yes,0.95,437,480,478,357,2389,0,0,0,10.55,11.59,11.54,8.62,57.69,0.00,0.00,0.00
2026-01-07T22:15:40.981Z,yes,0.97,391,396,369,234,1463,0,0,0,13.70,13.88,12.93,8.20,51.28,0.00,0.00,0.00
2026-01-07T22:15:40.981Z,yes,0.99,193,238,53,42,436,0,0,0,20.06,24.74,5.51,4.37,45.32,0.00,0.00,0.00
2026-01-07T22:15:40.981Z,no,0.95,251,104,82,316,1866,832,0,0,7.27,3.01,2.38,9.16,54.07,24.11,0.00,0.00
2026-01-07T22:15:40.981Z,no,0.97,224,90,80,310,1119,248,0,0,10.82,4.35,3.86,14.97,54.03,11.97,0.00,0.00
2026-01-07T22:15:40.981Z,no,0.99,91,80,50,204,178,0,0,0,15.09,13.27,8.29,33.83,29.52,0.00,0.00,0.00
2026-01-07T22:16:40.982Z,yes,0.95,437,480,478,357,2389,0,0,0,10.55,11.59,11.54,8.62,57.69,0.00,0.00,0.00
2026-01-07T22:16:40.982Z,yes,0.97,391,396,369,234,1463,0,0,0,13.70,13.88,12.93,8.20,51.28,0.00,0.00,0.00
2026-01-07T22:16:40.982Z,yes,0.99,193,238,53,42,436,0,0,0,20.06,24.74,5.51,4.37,45.32,0.00,0.00,0.00
2026-01-07T22:16:40.982Z,no,0.95,251,104,82,316,1866,832,0,0,7.27,3.01,2.38,9.16,54.07,24.11,0.00,0.00
2026-01-07T22:16:40.982Z,no,0.97,224,90,80,310,1119,248,0,0,10.82,4.35,3.86,14.97,54.03,11.97,0.00,0.00
2026-01-07T22:16:40.982Z,no,0.99,91,80,50,204,178,0,0,0,15.09,13.27,8.29,33.83,29.52,0.00,0.00,0.00
2026-01-07T22:17:40.984Z,yes,0.95,437,480,478,357,2389,0,0,0,10.55,11.59,11.54,8.62,57.69,0.00,0.00,0.00
2026-01-07T22:17:40.984Z,yes,0.97,391,396,369,234,1463,0,0,0,13.70,13.88,12.93,8.20,51.28,0.00,0.00,0.00
2026-01-07T22:17:40.984Z,yes,0.99,193,238,53,42,436,0,0,0,20.06,24.74,5.51,4.37,45.32,0.00,0.00,0.00
2026-01-07T22:17:40.984Z,no,0.95,251,104,82,316,1866,832,0,0,7.27,3.01,2.38,9.16,54.07,24.11,0.00,0.00
2026-01-07T22:17:40.984Z,no,0.97,224,90,80,310,1119,248,0,0,10.82,4.35,3.86,14.97,54.03,11.97,0.00,0.00
2026-01-07T22:17:40.984Z,no,0.99,91,80,50,204,178,0,0,0,15.09,13.27,8.29,33.83,29.52,0.00,0.00,0.00
2026-01-07T22:18:40.986Z,yes,0.95,437,480,478,357,2389,0,0,0,10.55,11.59,11.54,8.62,57.69,0.00,0.00,0.00
2026-01-07T22:18:40.986Z,yes,0.97,391,396,369,234,1463,0,0,0,13.70,13.88,12.93,8.20,51.28,0.00,0.00,0.00
2026-01-07T22:18:40.986Z,yes,0.99,193,238,53,42,436,0,0,0,20.06,24.74,5.51,4.37,45.32,0.00,0.00,0.00
2026-01-07T22:18:40.986Z,no,0.95,251,104,82,316,1866,832,0,0,7.27,3.01,2.38,9.16,54.07,24.11,0.00,0.00
2026-01-07T22:18:40.986Z,no,0.97,224,90,80,310,1119,248,0,0,10.82,4.35,3.86,14.97,54.03,11.97,0.00,0.00
2026-01-07T22:18:40.986Z,no,0.99,91,80,50,204,178,0,0,0,15.09,13.27,8.29,33.83,29.52,0.00,0.00,0.00
2026-01-07T22:19:40.988Z,yes,0.95,437,480,478,357,2389,0,0,0,10.55,11.59,11.54,8.62,57.69,0.00,0.00,0.00
2026-01-07T22:19:40.988Z,yes,0.97,391,396,369,234,1463,0,0,0,13.70,13.88,12.93,8.20,51.28,0.00,0.00,0.00
2026-01-07T22:19:40.988Z,yes,0.99,193,238,53,42,436,0,0,0,20.06,24.74,5.51,4.37,45.32,0.00,0.00,0.00
2026-01-07T22:19:40.988Z,no,0.95,251,104,82,316,1866,832,0,0,7.27,3.01,2.38,9.16,54.07,24.11,0.00,0.00
2026-01-07T22:19:40.988Z,no,0.97,224,90,80,310,1119,248,0,0,10.82,4.35,3.86,14.97,54.03,11.97,0.00,0.00
2026-01-07T22:19:40.988Z,no,0.99,91,80,50,204,178,0,0,0,15.09,13.27,8.29,33.83,29.52,0.00,0.00,0.00
2026-01-07T22:20:40.986Z,yes,0.95,437,480,478,357,2389,0,0,0,10.55,11.59,11.54,8.62,57.69,0.00,0.00,0.00
2026-01-07T22:20:40.986Z,yes,0.97,391,396,369,234,1463,0,0,0,13.70,13.88,12.93,8.20,51.28,0.00,0.00,0.00
2026-01-07T22:20:40.986Z,yes,0.99,193,238,53,42,436,0,0,0,20.06,24.74,5.51,4.37,45.32,0.00,0.00,0.00
2026-01-07T22:20:40.986Z,no,0.95,251,104,82,316,1866,832,0,0,7.27,3.01,2.38,9.16,54.07,24.11,0.00,0.00
2026-01-07T22:20:40.986Z,no,0.97,224,90,80,310,1119,248,0,0,10.82,4.35,3.86,14.97,54.03,11.97,0.00,0.00
2026-01-07T22:20:40.986Z,no,0.99,91,80,50,204,178,0,0,0,15.09,13.27,8.29,33.83,29.52,0.00,0.00,0.00
2026-01-07T22:21:40.988Z,yes,0.95,437,480,478,357,2389,27,0,0,10.48,11.52,11.47,8.57,57.32,0.65,0.00,0.00
2026-01-07T22:21:40.988Z,yes,0.97,391,396,369,234,1463,0,0,0,13.70,13.88,12.93,8.20,51.28,0.00,0.00,0.00
2026-01-07T22:21:40.988Z,yes,0.99,193,238,53,42,436,0,0,0,20.06,24.74,5.51,4.37,45.32,0.00,0.00,0.00
2026-01-07T22:21:40.988Z,no,0.95,251,104,82,316,1866,832,0,0,7.27,3.01,2.38,9.16,54.07,24.11,0.00,0.00
2026-01-07T22:21:40.988Z,no,0.97,224,90,80,310,1119,248,0,0,10.82,4.35,3.86,14.97,54.03,11.97,0.00,0.00
2026-01-07T22:21:40.988Z,no,0.99,91,80,50,204,178,0,0,0,15.09,13.27,8.29,33.83,29.52,0.00,0.00,0.00
2026-01-07T22:22:40.988Z,yes,0.95,437,480,478,357,2389,99,0,0,10.31,11.32,11.27,8.42,56.34,2.33,0.00,0.00
2026-01-07T22:22:40.988Z,yes,0.97,391,396,369,234,1463,24,0,0,13.59,13.76,12.83,8.13,50.85,0.83,0.00,0.00
2026-01-07T22:22:40.988Z,yes,0.99,193,238,53,42,436,0,0,0,20.06,24.74,5.51,4.37,45.32,0.00,0.00,0.00
2026-01-07T22:22:40.988Z,no,0.95,251,104,82,316,1866,832,0,0,7.27,3.01,2.38,9.16,54.07,24.11,0.00,0.00
2026-01-07T22:22:40.988Z,no,0.97,224,90,80,310,1119,248,0,0,10.82,4.35,3.86,14.97,54.03,11.97,0.00,0.00
2026-01-07T22:22:40.988Z,no,0.99,91,80,50,204,178,0,0,0,15.09,13.27,8.29,33.83,29.52,0.00,0.00,0.00
2026-01-07T22:23:40.988Z,yes,0.95,437,480,478,357,2389,234,0,0,9.99,10.97,10.93,8.16,54.61,5.35,0.00,0.00
2026-01-07T22:23:40.988Z,yes,0.97,391,396,369,234,1463,144,0,0,13.05,13.21,12.31,7.81,48.82,4.80,0.00,0.00
2026-01-07T22:23:40.988Z,yes,0.99,193,238,53,42,436,22,0,0,19.61,24.19,5.39,4.27,44.31,2.24,0.00,0.00
2026-01-07T22:23:40.988Z,no,0.95,251,104,82,316,1866,832,0,0,7.27,3.01,2.38,9.16,54.07,24.11,0.00,0.00
2026-01-07T22:23:40.988Z,no,0.97,224,90,80,310,1119,248,0,0,10.82,4.35,3.86,14.97,54.03,11.97,0.00,0.00
2026-01-07T22:23:40.988Z,no,0.99,91,80,50,204,178,0,0,0,15.09,13.27,8.29,33.83,29.52,0.00,0.00,0.00
2026-01-07T22:24:40.991Z,yes,0.95,437,480,478,357,2389,540,0,0,9.34,10.25,10.21,7.63,51.04,11.54,0.00,0.00
2026-01-07T22:24:40.991Z,yes,0.97,391,396,369,234,1463,262,0,0,12.55,12.71,11.85,7.51,46.97,8.41,0.00,0.00
2026-01-07T22:24:40.991Z,yes,0.99,193,238,53,42,436,96,0,0,18.24,22.50,5.01,3.97,41.21,9.07,0.00,0.00
2026-01-07T22:24:40.991Z,no,0.95,251,104,82,316,1866,832,0,0,7.27,3.01,2.38,9.16,54.07,24.11,0.00,0.00
2026-01-07T22:24:40.991Z,no,0.97,224,90,80,310,1119,248,0,0,10.82,4.35,3.86,14.97,54.03,11.97,0.00,0.00
2026-01-07T22:24:40.991Z,no,0.99,91,80,50,204,178,0,0,0,15.09,13.27,8.29,33.83,29.52,0.00,0.00,0.00
2026-01-07T22:25:40.992Z,yes,0.95,437,480,478,357,2638,712,0,0,8.57,9.41,9.37,7.00,51.71,13.96,0.00,0.00
2026-01-07T22:25:40.992Z,yes,0.97,391,396,369,234,1555,290,0,0,12.09,12.24,11.41,7.23,48.07,8.96,0.00,0.00
2026-01-07T22:25:40.992Z,yes,0.99,193,238,53,42,525,106,0,0,16.68,20.57,4.58,3.63,45.38,9.16,0.00,0.00
2026-01-07T22:25:40.992Z,no,0.95,251,104,82,316,1866,832,0,0,7.27,3.01,2.38,9.16,54.07,24.11,0.00,0.00
2026-01-07T22:25:40.992Z,no,0.97,224,90,80,310,1119,248,0,0,10.82,4.35,3.86,14.97,54.03,11.97,0.00,0.00
2026-01-07T22:25:40.992Z,no,0.99,91,80,50,204,178,0,0,0,15.09,13.27,8.29,33.83,29.52,0.00,0.00,0.00
2026-01-07T22:26:40.995Z,yes,0.95,437,480,478,357,2693,712,0,0,8.47,9.31,9.27,6.92,52.22,13.81,0.00,0.00
2026-01-07T22:26:40.995Z,yes,0.97,391,396,369,234,1610,290,0,0,11.88,12.04,11.22,7.11,48.94,8.81,0.00,0.00
2026-01-07T22:26:40.995Z,yes,0.99,193,238,53,42,580,106,0,0,15.92,19.64,4.37,3.47,47.85,8.75,0.00,0.00
2026-01-07T22:26:40.995Z,no,0.95,251,104,82,316,1866,832,0,0,7.27,3.01,2.38,9.16,54.07,24.11,0.00,0.00
2026-01-07T22:26:40.995Z,no,0.97,224,90,80,310,1119,248,0,0,10.82,4.35,3.86,14.97,54.03,11.97,0.00,0.00
2026-01-07T22:26:40.995Z,no,0.99,91,80,50,204,178,0,0,0,15.09,13.27,8.29,33.83,29.52,0.00,0.00,0.00
2026-01-07T22:27:40.995Z,yes,0.95,437,480,478,357,3124,712,0,0,7.82,8.59,8.55,6.39,55.91,12.74,0.00,0.00
2026-01-07T22:27:40.995Z,yes,0.97,391,396,369,234,2001,290,0,0,10.62,10.76,10.02,6.36,54.36,7.88,0.00,0.00
2026-01-07T22:27:40.995Z,yes,0.99,193,238,53,42,608,106,0,0,15.56,19.19,4.27,3.39,49.03,8.55,0.00,0.00
2026-01-07T22:27:40.995Z,no,0.95,251,104,82,316,1866,832,0,0,7.27,3.01,2.38,9.16,54.07,24.11,0.00,0.00
2026-01-07T22:27:40.995Z,no,0.97,224,90,80,310,1119,248,0,0,10.82,4.35,3.86,14.97,54.03,11.97,0.00,0.00
2026-01-07T22:27:40.995Z,no,0.99,91,80,50,204,178,0,0,0,15.09,13.27,8.29,33.83,29.52,0.00,0.00,0.00
2026-01-07T22:28:40.997Z,yes,0.95,437,480,478,357,3675,712,0,0,7.12,7.82,7.79,5.82,59.86,11.60,0.00,0.00
2026-01-07T22:28:40.997Z,yes,0.97,391,396,369,234,2552,290,0,0,9.24,9.36,8.72,5.53,60.30,6.85,0.00,0.00
2026-01-07T22:28:40.997Z,yes,0.99,193,238,53,42,802,106,0,0,13.46,16.60,3.70,2.93,55.93,7.39,0.00,0.00
2026-01-07T22:28:40.997Z,no,0.95,251,104,82,316,1915,832,0,0,7.17,2.97,2.34,9.03,54.71,23.77,0.00,0.00
2026-01-07T22:28:40.997Z,no,0.97,224,90,80,310,1119,248,0,0,10.82,4.35,3.86,14.97,54.03,11.97,0.00,0.00
2026-01-07T22:28:40.997Z,no,0.99,91,80,50,204,178,0,0,0,15.09,13.27,8.29,33.83,29.52,0.00,0.00,0.00
2026-01-07T22:29:41.000Z,yes,0.95,437,480,491,373,3753,712,0,0,7.00,7.68,7.86,5.97,60.09,11.40,0.00,0.00
2026-01-07T22:29:41.000Z,yes,0.97,391,396,382,250,2630,290,0,0,9.01,9.13,8.80,5.76,60.61,6.68,0.00,0.00
2026-01-07T22:29:41.000Z,yes,0.99,193,238,66,58,880,106,0,0,12.52,15.44,4.28,3.76,57.11,6.88,0.00,0.00
2026-01-07T22:29:41.000Z,no,0.95,251,104,82,329,1915,832,0,0,7.14,2.96,2.33,9.37,54.51,23.68,0.00,0.00
2026-01-07T22:29:41.000Z,no,0.97,224,90,80,311,1119,248,0,0,10.81,4.34,3.86,15.01,54.01,11.97,0.00,0.00
2026-01-07T22:29:41.000Z,no,0.99,91,80,50,204,178,0,0,0,15.09,13.27,8.29,33.83,29.52,0.00,0.00,0.00
2026-01-07T22:30:41.002Z,yes,0.95,442,487,492,373,3753,712,0,0,7.06,7.78,7.86,5.96,59.96,11.38,0.00,0.00
2026-01-07T22:30:41.002Z,yes,0.97,396,403,383,250,2630,290,0,0,9.10,9.26,8.80,5.74,60.43,6.66,0.00,0.00
2026-01-07T22:30:41.002Z,yes,0.99,198,245,67,58,880,106,0,0,12.74,15.77,4.31,3.73,56.63,6.82,0.00,0.00
2026-01-07T22:30:41.002Z,no,0.95,293,115,82,329,1915,832,0,0,8.22,3.22,2.30,9.23,53.70,23.33,0.00,0.00
2026-01-07T22:30:41.002Z,no,0.97,266,95,80,311,1119,248,0,0,12.55,4.48,3.78,14.68,52.81,11.70,0.00,0.00
2026-01-07T22:30:41.002Z,no,0.99,117,80,50,204,178,0,0,0,18.60,12.72,7.95,32.43,28.30,0.00,0.00,0.00
2026-01-07T22:31:41.002Z,yes,0.95,442,487,492,373,3753,712,0,0,7.06,7.78,7.86,5.96,59.96,11.38,0.00,0.00
2026-01-07T22:31:41.002Z,yes,0.97,396,403,383,250,2630,290,0,0,9.10,9.26,8.80,5.74,60.43,6.66,0.00,0.00
2026-01-07T22:31:41.002Z,yes,0.99,198,245,67,58,880,106,0,0,12.74,15.77,4.31,3.73,56.63,6.82,0.00,0.00
2026-01-07T22:31:41.002Z,no,0.95,293,115,82,329,1915,832,0,0,8.22,3.22,2.30,9.23,53.70,23.33,0.00,0.00
2026-01-07T22:31:41.002Z,no,0.97,266,95,80,311,1119,248,0,0,12.55,4.48,3.78,14.68,52.81,11.70,0.00,0.00
2026-01-07T22:31:41.002Z,no,0.99,117,80,50,204,178,0,0,0,18.60,12.72,7.95,32.43,28.30,0.00,0.00,0.00
2026-01-07T22:32:41.003Z,yes,0.95,442,487,492,373,3753,712,0,0,7.06,7.78,7.86,5.96,59.96,11.38,0.00,0.00
2026-01-07T22:32:41.003Z,yes,0.97,396,403,383,250,2630,290,0,0,9.10,9.26,8.80,5.74,60.43,6.66,0.00,0.00
2026-01-07T22:32:41.003Z,yes,0.99,198,245,67,58,880,106,0,0,12.74,15.77,4.31,3.73,56.63,6.82,0.00,0.00
2026-01-07T22:32:41.003Z,no,0.95,293,115,82,329,1915,832,0,0,8.22,3.22,2.30,9.23,53.70,23.33,0.00,0.00
2026-01-07T22:32:41.003Z,no,0.97,266,95,80,311,1119,248,0,0,12.55,4.48,3.78,14.68,52.81,11.70,0.00,0.00
2026-01-07T22:32:41.003Z,no,0.99,117,80,50,204,178,0,0,0,18.60,12.72,7.95,32.43,28.30,0.00,0.00,0.00
2026-01-07T22:33:41.004Z,yes,0.95,442,487,492,373,3753,723,0,0,7.05,7.77,7.85,5.95,59.86,11.53,0.00,0.00
2026-01-07T22:33:41.004Z,yes,0.97,396,403,383,250,2630,290,0,0,9.10,9.26,8.80,5.74,60.43,6.66,0.00,0.00
2026-01-07T22:33:41.004Z,yes,0.99,198,245,67,58,880,106,0,0,12.74,15.77,4.31,3.73,56.63,6.82,0.00,0.00
2026-01-07T22:33:41.004Z,no,0.95,293,115,82,329,1915,832,0,0,8.22,3.22,2.30,9.23,53.70,23.33,0.00,0.00
2026-01-07T22:33:41.004Z,no,0.97,266,95,80,311,1119,248,0,0,12.55,4.48,3.78,14.68,52.81,11.70,0.00,0.00
2026-01-07T22:33:41.004Z,no,0.99,117,80,50,204,178,0,0,0,18.60,12.72,7.95,32.43,28.30,0.00,0.00,0.00
2026-01-07T22:34:41.015Z,yes,0.95,442,487,492,373,3753,1445,0,0,6.32,6.97,7.04,5.33,53.68,20.67,0.00,0.00
2026-01-07T22:34:41.015Z,yes,0.97,396,403,383,250,2630,559,0,0,8.57,8.72,8.29,5.41,56.91,12.10,0.00,0.00
2026-01-07T22:34:41.015Z,yes,0.99,198,245,67,58,880,106,0,0,12.74,15.77,4.31,3.73,56.63,6.82,0.00,0.00
2026-01-07T22:34:41.015Z,no,0.95,293,115,82,329,1915,832,0,0,8.22,3.22,2.30,9.23,53.70,23.33,0.00,0.00
2026-01-07T22:34:41.015Z,no,0.97,266,95,80,311,1119,248,0,0,12.55,4.48,3.78,14.68,52.81,11.70,0.00,0.00
2026-01-07T22:34:41.015Z,no,0.99,117,80,50,204,178,0,0,0,18.60,12.72,7.95,32.43,28.30,0.00,0.00,0.00
2026-01-07T22:35:41.005Z,yes,0.95,442,487,492,373,3753,1445,0,0,6.32,6.97,7.04,5.33,53.68,20.67,0.00,0.00
2026-01-07T22:35:41.005Z,yes,0.97,396,403,383,250,2630,559,0,0,8.57,8.72,8.29,5.41,56.91,12.10,0.00,0.00
2026-01-07T22:35:41.005Z,yes,0.99,198,245,67,58,880,106,0,0,12.74,15.77,4.31,3.73,56.63,6.82,0.00,0.00
2026-01-07T22:35:41.005Z,no,0.95,293,115,82,329,1915,832,0,0,8.22,3.22,2.30,9.23,53.70,23.33,0.00,0.00
2026-01-07T22:35:41.005Z,no,0.97,266,95,80,311,1119,248,0,0,12.55,4.48,3.78,14.68,52.81,11.70,0.00,0.00
2026-01-07T22:35:41.005Z,no,0.99,117,80,50,204,178,0,0,0,18.60,12.72,7.95,32.43,28.30,0.00,0.00,0.00
2026-01-07T22:36:41.005Z,yes,0.95,442,487,492,373,3753,1445,0,0,6.32,6.97,7.04,5.33,53.68,20.67,0.00,0.00
2026-01-07T22:36:41.005Z,yes,0.97,396,403,383,250,2630,559,0,0,8.57,8.72,8.29,5.41,56.91,12.10,0.00,0.00
2026-01-07T22:36:41.005Z,yes,0.99,198,245,67,58,880,106,0,0,12.74,15.77,4.31,3.73,56.63,6.82,0.00,0.00
2026-01-07T22:36:41.005Z,no,0.95,293,115,82,329,1915,832,0,0,8.22,3.22,2.30,9.23,53.70,23.33,0.00,0.00
2026-01-07T22:36:41.005Z,no,0.97,266,95,80,311,1119,248,0,0,12.55,4.48,3.78,14.68,52.81,11.70,0.00,0.00
2026-01-07T22:36:41.005Z,no,0.99,117,80,50,204,178,0,0,0,18.60,12.72,7.95,32.43,28.30,0.00,0.00,0.00
2026-01-07T22:37:41.005Z,yes,0.95,442,487,492,373,3753,1445,0,0,6.32,6.97,7.04,5.33,53.68,20.67,0.00,0.00
2026-01-07T22:37:41.005Z,yes,0.97,396,403,383,250,2630,559,0,0,8.57,8.72,8.29,5.41,56.91,12.10,0.00,0.00
2026-01-07T22:37:41.005Z,yes,0.99,198,245,67,58,880,106,0,0,12.74,15.77,4.31,3.73,56.63,6.82,0.00,0.00
2026-01-07T22:37:41.005Z,no,0.95,293,115,82,329,1915,832,0,0,8.22,3.22,2.30,9.23,53.70,23.33,0.00,0.00
2026-01-07T22:37:41.005Z,no,0.97,266,95,80,311,1119,248,0,0,12.55,4.48,3.78,14.68,52.81,11.70,0.00,0.00
2026-01-07T22:37:41.005Z,no,0.99,117,80,50,204,178,0,0,0,18.60,12.72,7.95,32.43,28.30,0.00,0.00,0.00
2026-01-07T22:38:41.006Z,yes,0.95,442,487,492,373,3753,1597,0,0,6.19,6.82,6.89,5.22,52.53,22.35,0.00,0.00
2026-01-07T22:38:41.006Z,yes,0.97,396,403,383,250,2630,559,0,0,8.57,8.72,8.29,5.41,56.91,12.10,0.00,0.00
2026-01-07T22:38:41.006Z,yes,0.99,198,245,67,58,880,106,0,0,12.74,15.77,4.31,3.73,56.63,6.82,0.00,0.00
2026-01-07T22:38:41.006Z,no,0.95,293,115,82,329,1915,832,0,0,8.22,3.22,2.30,9.23,53.70,23.33,0.00,0.00
2026-01-07T22:38:41.006Z,no,0.97,266,95,80,311,1119,248,0,0,12.55,4.48,3.78,14.68,52.81,11.70,0.00,0.00
2026-01-07T22:38:41.006Z,no,0.99,117,80,50,204,178,0,0,0,18.60,12.72,7.95,32.43,28.30,0.00,0.00,0.00
2026-01-07T22:39:41.006Z,yes,0.95,442,487,492,373,3753,1666,0,0,6.13,6.75,6.82,5.17,52.03,23.10,0.00,0.00
2026-01-07T22:39:41.006Z,yes,0.97,396,403,383,250,2630,559,0,0,8.57,8.72,8.29,5.41,56.91,12.10,0.00,0.00
2026-01-07T22:39:41.006Z,yes,0.99,198,245,67,58,880,106,0,0,12.74,15.77,4.31,3.73,56.63,6.82,0.00,0.00
2026-01-07T22:39:41.006Z,no,0.95,293,115,82,329,1915,832,0,0,8.22,3.22,2.30,9.23,53.70,23.33,0.00,0.00
2026-01-07T22:39:41.006Z,no,0.97,266,95,80,311,1119,248,0,0,12.55,4.48,3.78,14.68,52.81,11.70,0.00,0.00
2026-01-07T22:39:41.006Z,no,0.99,117,80,50,204,178,0,0,0,18.60,12.72,7.95,32.43,28.30,0.00,0.00,0.00
2026-01-07T22:40:41.007Z,yes,0.95,442,487,492,373,3753,1666,0,0,6.13,6.75,6.82,5.17,52.03,23.10,0.00,0.00
2026-01-07T22:40:41.007Z,yes,0.97,396,403,383,250,2630,559,0,0,8.57,8.72,8.29,5.41,56.91,12.10,0.00,0.00
2026-01-07T22:40:41.007Z,yes,0.99,198,245,67,58,880,106,0,0,12.74,15.77,4.31,3.73,56.63,6.82,0.00,0.00
2026-01-07T22:40:41.007Z,no,0.95,293,115,82,329,1915,832,0,0,8.22,3.22,2.30,9.23,53.70,23.33,0.00,0.00
2026-01-07T22:40:41.007Z,no,0.97,266,95,80,311,1119,248,0,0,12.55,4.48,3.78,14.68,52.81,11.70,0.00,0.00
2026-01-07T22:40:41.007Z,no,0.99,117,80,50,204,178,0,0,0,18.60,12.72,7.95,32.43,28.30,0.00,0.00,0.00
2026-01-07T22:41:41.005Z,yes,0.95,442,487,492,373,3753,1666,0,0,6.13,6.75,6.82,5.17,52.03,23.10,0.00,0.00
2026-01-07T22:41:41.005Z,yes,0.97,396,403,383,250,2630,559,0,0,8.57,8.72,8.29,5.41,56.91,12.10,0.00,0.00
2026-01-07T22:41:41.005Z,yes,0.99,198,245,67,58,880,106,0,0,12.74,15.77,4.31,3.73,56.63,6.82,0.00,0.00
2026-01-07T22:41:41.005Z,no,0.95,293,115,82,329,1915,832,0,0,8.22,3.22,2.30,9.23,53.70,23.33,0.00,0.00
2026-01-07T22:41:41.005Z,no,0.97,266,95,80,311,1119,248,0,0,12.55,4.48,3.78,14.68,52.81,11.70,0.00,0.00
2026-01-07T22:41:41.005Z,no,0.99,117,80,50,204,178,0,0,0,18.60,12.72,7.95,32.43,28.30,0.00,0.00,0.00
2026-01-07T22:42:41.006Z,yes,0.95,442,487,492,373,3753,1666,0,0,6.13,6.75,6.82,5.17,52.03,23.10,0.00,0.00
2026-01-07T22:42:41.006Z,yes,0.97,396,403,383,250,2630,559,0,0,8.57,8.72,8.29,5.41,56.91,12.10,0.00,0.00
2026-01-07T22:42:41.006Z,yes,0.99,198,245,67,58,880,106,0,0,12.74,15.77,4.31,3.73,56.63,6.82,0.00,0.00
2026-01-07T22:42:41.006Z,no,0.95,293,115,82,329,2069,832,0,0,7.88,3.09,2.20,8.84,55.62,22.37,0.00,0.00
2026-01-07T22:42:41.006Z,no,0.97,266,95,80,311,1245,248,0,0,11.85,4.23,3.56,13.85,55.46,11.05,0.00,0.00
2026-01-07T22:42:41.006Z,no,0.99,117,80,50,204,178,0,0,0,18.60,12.72,7.95,32.43,28.30,0.00,0.00,0.00
2026-01-07T22:43:41.006Z,yes,0.95,442,487,492,373,3873,1666,0,0,6.03,6.64,6.71,5.09,52.82,22.72,0.00,0.00
2026-01-07T22:43:41.006Z,yes,0.97,396,403,383,250,2710,559,0,0,8.42,8.57,8.15,5.32,57.65,11.89,0.00,0.00
2026-01-07T22:43:41.006Z,yes,0.99,198,245,67,58,880,106,0,0,12.74,15.77,4.31,3.73,56.63,6.82,0.00,0.00
2026-01-07T22:43:41.006Z,no,0.95,293,115,82,329,2137,832,0,0,7.73,3.04,2.16,8.69,56.41,21.96,0.00,0.00
2026-01-07T22:43:41.006Z,no,0.97,266,95,80,311,1313,248,0,0,11.50,4.11,3.46,13.45,56.77,10.72,0.00,0.00
2026-01-07T22:43:41.006Z,no,0.99,117,80,50,204,178,0,0,0,18.60,12.72,7.95,32.43,28.30,0.00,0.00,0.00
2026-01-07T22:44:41.006Z,yes,0.95,442,487,575,484,3901,1666,0,0,5.85,6.45,7.61,6.41,51.63,22.05,0.00,0.00
2026-01-07T22:44:41.006Z,yes,0.97,396,403,460,352,2710,559,0,0,8.11,8.26,9.43,7.21,55.53,11.45,0.00,0.00
2026-01-07T22:44:41.006Z,yes,0.99,198,245,122,97,880,106,0,0,12.01,14.87,7.40,5.89,53.40,6.43,0.00,0.00
2026-01-07T22:44:41.006Z,no,0.95,293,115,86,433,2188,832,0,0,7.42,2.91,2.18,10.97,55.43,21.08,0.00,0.00
2026-01-07T22:44:41.006Z,no,0.97,266,95,81,415,1320,248,0,0,10.97,3.92,3.34,17.11,54.43,10.23,0.00,0.00
2026-01-07T22:44:41.006Z,no,0.99,117,80,51,293,181,0,0,0,16.20,11.08,7.06,40.58,25.07,0.00,0.00,0.00
2026-01-07T22:45:41.008Z,yes,0.95,481,538,597,484,3901,1666,0,0,6.27,7.02,7.79,6.31,50.88,21.73,0.00,0.00
2026-01-07T22:45:41.008Z,yes,0.97,435,454,482,352,2710,559,0,0,8.71,9.09,9.66,7.05,54.29,11.20,0.00,0.00
2026-01-07T22:45:41.008Z,yes,0.99,237,296,144,97,880,106,0,0,13.47,16.82,8.18,5.51,50.00,6.02,0.00,0.00
2026-01-07T22:45:41.008Z,no,0.95,433,380,181,433,2188,832,0,0,9.74,8.55,4.07,9.74,49.20,18.71,0.00,0.00
2026-01-07T22:45:41.008Z,no,0.97,396,294,109,415,1320,248,0,0,14.23,10.57,3.92,14.92,47.45,8.91,0.00,0.00
2026-01-07T22:45:41.008Z,no,0.99,195,96,53,293,181,0,0,0,23.84,11.74,6.48,35.82,22.13,0.00,0.00,0.00
2026-01-07T22:46:41.008Z,yes,0.95,481,538,597,484,3901,1666,0,0,6.27,7.02,7.79,6.31,50.88,21.73,0.00,0.00
2026-01-07T22:46:41.008Z,yes,0.97,435,454,482,352,2710,559,0,0,8.71,9.09,9.66,7.05,54.29,11.20,0.00,0.00
2026-01-07T22:46:41.008Z,yes,0.99,237,296,144,97,880,106,0,0,13.47,16.82,8.18,5.51,50.00,6.02,0.00,0.00
2026-01-07T22:46:41.008Z,no,0.95,433,380,181,433,2188,832,0,0,9.74,8.55,4.07,9.74,49.20,18.71,0.00,0.00
2026-01-07T22:46:41.008Z,no,0.97,396,294,109,415,1320,248,0,0,14.23,10.57,3.92,14.92,47.45,8.91,0.00,0.00
2026-01-07T22:46:41.008Z,no,0.99,195,96,53,293,181,0,0,0,23.84,11.74,6.48,35.82,22.13,0.00,0.00,0.00
2026-01-07T22:47:41.009Z,yes,0.95,481,538,597,484,3901,1666,0,0,6.27,7.02,7.79,6.31,50.88,21.73,0.00,0.00
2026-01-07T22:47:41.009Z,yes,0.97,435,454,482,352,2710,559,0,0,8.71,9.09,9.66,7.05,54.29,11.20,0.00,0.00
2026-01-07T22:47:41.009Z,yes,0.99,237,296,144,97,880,106,0,0,13.47,16.82,8.18,5.51,50.00,6.02,0.00,0.00
2026-01-07T22:47:41.009Z,no,0.95,433,380,181,433,2188,832,0,0,9.74,8.55,4.07,9.74,49.20,18.71,0.00,0.00
2026-01-07T22:47:41.009Z,no,0.97,396,294,109,415,1320,248,0,0,14.23,10.57,3.92,14.92,47.45,8.91,0.00,0.00
2026-01-07T22:47:41.009Z,no,0.99,195,96,53,293,181,0,0,0,23.84,11.74,6.48,35.82,22.13,0.00,0.00,0.00
2026-01-07T22:48:41.011Z,yes,0.95,481,538,597,484,3901,1666,0,0,6.27,7.02,7.79,6.31,50.88,21.73,0.00,0.00
2026-01-07T22:48:41.011Z,yes,0.97,435,454,482,352,2710,559,0,0,8.71,9.09,9.66,7.05,54.29,11.20,0.00,0.00
2026-01-07T22:48:41.011Z,yes,0.99,237,296,144,97,880,106,0,0,13.47,16.82,8.18,5.51,50.00,6.02,0.00,0.00
2026-01-07T22:48:41.011Z,no,0.95,433,380,181,433,2188,832,0,0,9.74,8.55,4.07,9.74,49.20,18.71,0.00,0.00
2026-01-07T22:48:41.011Z,no,0.97,396,294,109,415,1320,248,0,0,14.23,10.57,3.92,14.92,47.45,8.91,0.00,0.00
2026-01-07T22:48:41.011Z,no,0.99,195,96,53,293,181,0,0,0,23.84,11.74,6.48,35.82,22.13,0.00,0.00,0.00
2026-01-07T22:49:41.011Z,yes,0.95,481,538,597,484,3901,1666,0,0,6.27,7.02,7.79,6.31,50.88,21.73,0.00,0.00
2026-01-07T22:49:41.011Z,yes,0.97,435,454,482,352,2710,559,0,0,8.71,9.09,9.66,7.05,54.29,11.20,0.00,0.00
2026-01-07T22:49:41.011Z,yes,0.99,237,296,144,97,880,106,0,0,13.47,16.82,8.18,5.51,50.00,6.02,0.00,0.00
2026-01-07T22:49:41.011Z,no,0.95,433,380,181,433,2188,832,0,0,9.74,8.55,4.07,9.74,49.20,18.71,0.00,0.00
2026-01-07T22:49:41.011Z,no,0.97,396,294,109,415,1320,248,0,0,14.23,10.57,3.92,14.92,47.45,8.91,0.00,0.00
2026-01-07T22:49:41.011Z,no,0.99,195,96,53,293,181,0,0,0,23.84,11.74,6.48,35.82,22.13,0.00,0.00,0.00
2026-01-07T22:50:41.011Z,yes,0.95,481,538,597,484,3901,1666,0,0,6.27,7.02,7.79,6.31,50.88,21.73,0.00,0.00
2026-01-07T22:50:41.011Z,yes,0.97,435,454,482,352,2710,559,0,0,8.71,9.09,9.66,7.05,54.29,11.20,0.00,0.00
2026-01-07T22:50:41.011Z,yes,0.99,237,296,144,97,880,106,0,0,13.47,16.82,8.18,5.51,50.00,6.02,0.00,0.00
2026-01-07T22:50:41.011Z,no,0.95,433,380,181,433,2188,832,0,0,9.74,8.55,4.07,9.74,49.20,18.71,0.00,0.00
2026-01-07T22:50:41.011Z,no,0.97,396,294,109,415,1320,248,0,0,14.23,10.57,3.92,14.92,47.45,8.91,0.00,0.00
2026-01-07T22:50:41.011Z,no,0.99,195,96,53,293,181,0,0,0,23.84,11.74,6.48,35.82,22.13,0.00,0.00,0.00
2026-01-07T22:51:41.013Z,yes,0.95,481,538,597,484,3901,1666,0,0,6.27,7.02,7.79,6.31,50.88,21.73,0.00,0.00
2026-01-07T22:51:41.013Z,yes,0.97,435,454,482,352,2710,559,0,0,8.71,9.09,9.66,7.05,54.29,11.20,0.00,0.00
2026-01-07T22:51:41.013Z,yes,0.99,237,296,144,97,880,106,0,0,13.47,16.82,8.18,5.51,50.00,6.02,0.00,0.00
2026-01-07T22:51:41.013Z,no,0.95,433,380,181,433,2188,837,0,0,9.73,8.54,4.07,9.73,49.15,18.80,0.00,0.00
2026-01-07T22:51:41.013Z,no,0.97,396,294,109,415,1320,248,0,0,14.23,10.57,3.92,14.92,47.45,8.91,0.00,0.00
2026-01-07T22:51:41.013Z,no,0.99,195,96,53,293,181,0,0,0,23.84,11.74,6.48,35.82,22.13,0.00,0.00,0.00
2026-01-07T22:52:41.013Z,yes,0.95,481,538,597,484,3901,1666,0,0,6.27,7.02,7.79,6.31,50.88,21.73,0.00,0.00
2026-01-07T22:52:41.013Z,yes,0.97,435,454,482,352,2710,559,0,0,8.71,9.09,9.66,7.05,54.29,11.20,0.00,0.00
2026-01-07T22:52:41.013Z,yes,0.99,237,296,144,97,880,106,0,0,13.47,16.82,8.18,5.51,50.00,6.02,0.00,0.00
2026-01-07T22:52:41.013Z,no,0.95,433,380,181,433,2188,907,0,0,9.58,8.40,4.00,9.58,48.39,20.06,0.00,0.00
2026-01-07T22:52:41.013Z,no,0.97,396,294,109,415,1320,302,0,0,13.96,10.37,3.84,14.63,46.54,10.65,0.00,0.00
2026-01-07T22:52:41.013Z,no,0.99,195,96,53,293,181,2,0,0,23.78,11.71,6.46,35.73,22.07,0.24,0.00,0.00
2026-01-07T22:53:41.013Z,yes,0.95,481,538,597,484,3901,1666,0,0,6.27,7.02,7.79,6.31,50.88,21.73,0.00,0.00
2026-01-07T22:53:41.013Z,yes,0.97,435,454,482,352,2710,559,0,0,8.71,9.09,9.66,7.05,54.29,11.20,0.00,0.00
2026-01-07T22:53:41.013Z,yes,0.99,237,296,144,97,880,106,0,0,13.47,16.82,8.18,5.51,50.00,6.02,0.00,0.00
2026-01-07T22:53:41.013Z,no,0.95,433,380,181,433,2188,922,0,0,9.54,8.38,3.99,9.54,48.23,20.32,0.00,0.00
2026-01-07T22:53:41.013Z,no,0.97,396,294,109,415,1320,310,0,0,13.92,10.34,3.83,14.59,46.41,10.90,0.00,0.00
2026-01-07T22:53:41.013Z,no,0.99,195,96,53,293,181,2,0,0,23.78,11.71,6.46,35.73,22.07,0.24,0.00,0.00
2026-01-07T22:54:41.015Z,yes,0.95,481,538,597,484,3901,2119,0,0,5.92,6.63,7.35,5.96,48.04,26.10,0.00,0.00
2026-01-07T22:54:41.015Z,yes,0.97,435,454,482,352,2710,841,0,0,8.25,8.61,9.14,6.67,51.38,15.95,0.00,0.00
2026-01-07T22:54:41.015Z,yes,0.99,237,296,144,97,880,106,0,0,13.47,16.82,8.18,5.51,50.00,6.02,0.00,0.00
2026-01-07T22:54:41.015Z,no,0.95,433,380,181,433,2188,923,0,0,9.54,8.37,3.99,9.54,48.22,20.34,0.00,0.00
2026-01-07T22:54:41.015Z,no,0.97,396,294,109,415,1320,310,0,0,13.92,10.34,3.83,14.59,46.41,10.90,0.00,0.00
2026-01-07T22:54:41.015Z,no,0.99,195,96,53,293,181,2,0,0,23.78,11.71,6.46,35.73,22.07,0.24,0.00,0.00
2026-01-07T22:55:41.017Z,yes,0.95,481,538,597,484,4440,2352,0,0,5.41,6.05,6.71,5.44,49.93,26.45,0.00,0.00
2026-01-07T22:55:41.017Z,yes,0.97,435,454,482,352,2892,912,0,0,7.87,8.21,8.72,6.37,52.32,16.50,0.00,0.00
2026-01-07T22:55:41.017Z,yes,0.99,237,296,144,97,880,106,0,0,13.47,16.82,8.18,5.51,50.00,6.02,0.00,0.00
2026-01-07T22:55:41.017Z,no,0.95,433,380,181,433,2213,923,0,0,9.49,8.33,3.97,9.49,48.50,20.23,0.00,0.00
2026-01-07T22:55:41.017Z,no,0.97,396,294,109,415,1320,310,0,0,13.92,10.34,3.83,14.59,46.41,10.90,0.00,0.00
2026-01-07T22:55:41.017Z,no,0.99,195,96,53,293,181,2,0,0,23.78,11.71,6.46,35.73,22.07,0.24,0.00,0.00
2026-01-07T22:56:41.017Z,yes,0.95,481,538,597,484,4884,2352,0,0,5.15,5.76,6.39,5.18,52.31,25.19,0.00,0.00
2026-01-07T22:56:41.017Z,yes,0.97,435,454,482,352,3024,912,0,0,7.69,8.02,8.52,6.22,53.44,16.12,0.00,0.00
2026-01-07T22:56:41.017Z,yes,0.99,237,296,144,97,880,106,0,0,13.47,16.82,8.18,5.51,50.00,6.02,0.00,0.00
2026-01-07T22:56:41.017Z,no,0.95,433,380,181,433,2273,923,0,0,9.37,8.22,3.92,9.37,49.17,19.97,0.00,0.00
2026-01-07T22:56:41.017Z,no,0.97,396,294,109,415,1369,310,0,0,13.69,10.16,3.77,14.34,47.32,10.72,0.00,0.00
2026-01-07T22:56:41.017Z,no,0.99,195,96,53,293,183,2,0,0,23.72,11.68,6.45,35.64,22.26,0.24,0.00,0.00
2026-01-07T22:57:41.019Z,yes,0.95,481,538,597,484,5308,2352,0,0,4.93,5.51,6.12,4.96,54.39,24.10,0.00,0.00
2026-01-07T22:57:41.019Z,yes,0.97,435,454,482,352,3448,912,0,0,7.15,7.46,7.92,5.79,56.68,14.99,0.00,0.00
2026-01-07T22:57:41.019Z,yes,0.99,237,296,144,97,952,106,0,0,12.94,16.16,7.86,5.29,51.97,5.79,0.00,0.00
2026-01-07T22:57:41.019Z,no,0.95,433,380,181,433,2311,923,0,0,9.29,8.15,3.88,9.29,49.58,19.80,0.00,0.00
2026-01-07T22:57:41.019Z,no,0.97,396,294,109,415,1407,310,0,0,13.51,10.03,3.72,14.16,48.00,10.58,0.00,0.00
2026-01-07T22:57:41.019Z,no,0.99,195,96,53,293,221,2,0,0,22.67,11.16,6.16,34.07,25.70,0.23,0.00,0.00
2026-01-07T22:58:41.019Z,yes,0.95,481,538,597,484,5549,2352,0,0,4.81,5.38,5.97,4.84,55.48,23.52,0.00,0.00
2026-01-07T22:58:41.019Z,yes,0.97,435,454,482,352,3660,912,0,0,6.91,7.21,7.66,5.59,58.14,14.49,0.00,0.00
2026-01-07T22:58:41.019Z,yes,0.99,237,296,144,97,1164,106,0,0,11.59,14.48,7.05,4.75,56.95,5.19,0.00,0.00
2026-01-07T22:58:41.019Z,no,0.95,433,380,181,433,2334,923,0,0,9.24,8.11,3.86,9.24,49.83,19.71,0.00,0.00
2026-01-07T22:58:41.019Z,no,0.97,396,294,109,415,1430,310,0,0,13.41,9.95,3.69,14.05,48.41,10.49,0.00,0.00
2026-01-07T22:58:41.019Z,no,0.99,195,96,53,293,244,2,0,0,22.08,10.87,6.00,33.18,27.63,0.23,0.00,0.00
2026-01-07T22:59:41.021Z,yes,0.95,481,538,702,554,5551,2352,0,0,4.73,5.29,6.90,5.44,54.54,23.11,0.00,0.00
2026-01-07T22:59:41.021Z,yes,0.97,435,454,563,419,3662,912,0,0,6.75,7.04,8.74,6.50,56.82,14.15,0.00,0.00
2026-01-07T22:59:41.021Z,yes,0.99,237,296,150,107,1166,106,0,0,11.49,14.35,7.27,5.19,56.55,5.14,0.00,0.00
2026-01-07T22:59:41.021Z,no,0.95,433,380,187,449,2334,923,0,0,9.20,8.07,3.97,9.54,49.60,19.61,0.00,0.00
2026-01-07T22:59:41.021Z,no,0.97,396,294,115,431,1430,310,0,0,13.31,9.88,3.86,14.48,48.05,10.42,0.00,0.00
2026-01-07T22:59:41.021Z,no,0.99,195,96,59,309,244,2,0,0,21.55,10.61,6.52,34.14,26.96,0.22,0.00,0.00
2026-01-07T23:00:41.024Z,yes,0.95,509,671,748,554,5551,2352,0,0,4.90,6.46,7.20,5.33,53.45,22.65,0.00,0.00
2026-01-07T23:00:41.024Z,yes,0.97,463,587,609,419,3662,912,0,0,6.96,8.82,9.16,6.30,55.05,13.71,0.00,0.00
2026-01-07T23:00:41.024Z,yes,0.99,265,379,151,107,1166,106,0,0,12.19,17.43,6.95,4.92,53.63,4.88,0.00,0.00
2026-01-07T23:00:41.024Z,no,0.95,434,380,187,449,2334,923,0,0,9.22,8.07,3.97,9.54,49.59,19.61,0.00,0.00
2026-01-07T23:00:41.024Z,no,0.97,397,294,115,431,1430,310,0,0,13.34,9.88,3.86,14.48,48.03,10.41,0.00,0.00
2026-01-07T23:00:41.024Z,no,0.99,196,96,59,309,244,2,0,0,21.63,10.60,6.51,34.11,26.93,0.22,0.00,0.00
2026-01-07T23:01:41.025Z,yes,0.95,509,671,748,554,5551,2352,0,0,4.90,6.46,7.20,5.33,53.45,22.65,0.00,0.00
2026-01-07T23:01:41.025Z,yes,0.97,463,587,609,419,3662,912,0,0,6.96,8.82,9.16,6.30,55.05,13.71,0.00,0.00
2026-01-07T23:01:41.025Z,yes,0.99,265,379,151,107,1166,106,0,0,12.19,17.43,6.95,4.92,53.63,4.88,0.00,0.00
2026-01-07T23:01:41.025Z,no,0.95,434,380,187,449,2334,923,0,0,9.22,8.07,3.97,9.54,49.59,19.61,0.00,0.00
2026-01-07T23:01:41.025Z,no,0.97,397,294,115,431,1430,310,0,0,13.34,9.88,3.86,14.48,48.03,10.41,0.00,0.00
2026-01-07T23:01:41.025Z,no,0.99,196,96,59,309,244,2,0,0,21.63,10.60,6.51,34.11,26.93,0.22,0.00,0.00
2026-01-07T23:02:41.027Z,yes,0.95,509,671,748,554,5551,2352,0,0,4.90,6.46,7.20,5.33,53.45,22.65,0.00,0.00
2026-01-07T23:02:41.027Z,yes,0.97,463,587,609,419,3662,912,0,0,6.96,8.82,9.16,6.30,55.05,13.71,0.00,0.00
2026-01-07T23:02:41.027Z,yes,0.99,265,379,151,107,1166,106,0,0,12.19,17.43,6.95,4.92,53.63,4.88,0.00,0.00
2026-01-07T23:02:41.027Z,no,0.95,434,380,187,449,2334,923,0,0,9.22,8.07,3.97,9.54,49.59,19.61,0.00,0.00
2026-01-07T23:02:41.027Z,no,0.97,397,294,115,431,1430,310,0,0,13.34,9.88,3.86,14.48,48.03,10.41,0.00,0.00
2026-01-07T23:02:41.027Z,no,0.99,196,96,59,309,244,2,0,0,21.63,10.60,6.51,34.11,26.93,0.22,0.00,0.00
2026-01-07T23:03:41.027Z,yes,0.95,509,671,748,554,5551,2352,0,0,4.90,6.46,7.20,5.33,53.45,22.65,0.00,0.00
2026-01-07T23:03:41.027Z,yes,0.97,463,587,609,419,3662,912,0,0,6.96,8.82,9.16,6.30,55.05,13.71,0.00,0.00
2026-01-07T23:03:41.027Z,yes,0.99,265,379,151,107,1166,106,0,0,12.19,17.43,6.95,4.92,53.63,4.88,0.00,0.00
2026-01-07T23:03:41.027Z,no,0.95,434,380,187,449,2334,923,0,0,9.22,8.07,3.97,9.54,49.59,19.61,0.00,0.00
2026-01-07T23:03:41.027Z,no,0.97,397,294,115,431,1430,310,0,0,13.34,9.88,3.86,14.48,48.03,10.41,0.00,0.00
2026-01-07T23:03:41.027Z,no,0.99,196,96,59,309,244,2,0,0,21.63,10.60,6.51,34.11,26.93,0.22,0.00,0.00
2026-01-07T23:04:41.027Z,yes,0.95,509,671,748,554,5551,2352,0,0,4.90,6.46,7.20,5.33,53.45,22.65,0.00,0.00
2026-01-07T23:04:41.027Z,yes,0.97,463,587,609,419,3662,912,0,0,6.96,8.82,9.16,6.30,55.05,13.71,0.00,0.00
2026-01-07T23:04:41.027Z,yes,0.99,265,379,151,107,1166,106,0,0,12.19,17.43,6.95,4.92,53.63,4.88,0.00,0.00
2026-01-07T23:04:41.027Z,no,0.95,434,380,187,449,2334,923,0,0,9.22,8.07,3.97,9.54,49.59,19.61,0.00,0.00
2026-01-07T23:04:41.027Z,no,0.97,397,294,115,431,1430,310,0,0,13.34,9.88,3.86,14.48,48.03,10.41,0.00,0.00
2026-01-07T23:04:41.027Z,no,0.99,196,96,59,309,244,2,0,0,21.63,10.60,6.51,34.11,26.93,0.22,0.00,0.00
2026-01-07T23:05:41.028Z,yes,0.95,509,671,748,554,5551,2352,0,0,4.90,6.46,7.20,5.33,53.45,22.65,0.00,0.00
2026-01-07T23:05:41.028Z,yes,0.97,463,587,609,419,3662,912,0,0,6.96,8.82,9.16,6.30,55.05,13.71,0.00,0.00
2026-01-07T23:05:41.028Z,yes,0.99,265,379,151,107,1166,106,0,0,12.19,17.43,6.95,4.92,53.63,4.88,0.00,0.00
2026-01-07T23:05:41.028Z,no,0.95,434,380,187,449,2334,976,0,0,9.12,7.98,3.93,9.43,49.03,20.50,0.00,0.00
2026-01-07T23:05:41.028Z,no,0.97,397,294,115,431,1430,310,0,0,13.34,9.88,3.86,14.48,48.03,10.41,0.00,0.00
2026-01-07T23:05:41.028Z,no,0.99,196,96,59,309,244,2,0,0,21.63,10.60,6.51,34.11,26.93,0.22,0.00,0.00
2026-01-07T23:06:41.029Z,yes,0.95,509,671,748,554,5551,2352,0,0,4.90,6.46,7.20,5.33,53.45,22.65,0.00,0.00
2026-01-07T23:06:41.029Z,yes,0.97,463,587,609,419,3662,912,0,0,6.96,8.82,9.16,6.30,55.05,13.71,0.00,0.00
2026-01-07T23:06:41.029Z,yes,0.99,265,379,151,107,1166,106,0,0,12.19,17.43,6.95,4.92,53.63,4.88,0.00,0.00
2026-01-07T23:06:41.029Z,no,0.95,434,380,187,449,2334,1015,0,0,9.04,7.92,3.90,9.36,48.64,21.15,0.00,0.00
2026-01-07T23:06:41.029Z,no,0.97,397,294,115,431,1430,317,0,0,13.30,9.85,3.85,14.44,47.92,10.62,0.00,0.00
2026-01-07T23:06:41.029Z,no,0.99,196,96,59,309,244,2,0,0,21.63,10.60,6.51,34.11,26.93,0.22,0.00,0.00
2026-01-07T23:07:41.031Z,yes,0.95,509,671,748,554,5551,2352,0,0,4.90,6.46,7.20,5.33,53.45,22.65,0.00,0.00
2026-01-07T23:07:41.031Z,yes,0.97,463,587,609,419,3662,912,0,0,6.96,8.82,9.16,6.30,55.05,13.71,0.00,0.00
2026-01-07T23:07:41.031Z,yes,0.99,265,379,151,107,1166,106,0,0,12.19,17.43,6.95,4.92,53.63,4.88,0.00,0.00
2026-01-07T23:07:41.031Z,no,0.95,434,380,187,449,2334,1069,0,0,8.94,7.83,3.85,9.25,48.09,22.03,0.00,0.00
2026-01-07T23:07:41.031Z,no,0.97,397,294,115,431,1430,340,0,0,13.20,9.78,3.82,14.33,47.56,11.31,0.00,0.00
2026-01-07T23:07:41.031Z,no,0.99,196,96,59,309,244,2,0,0,21.63,10.60,6.51,34.11,26.93,0.22,0.00,0.00
2026-01-07T23:08:41.035Z,yes,0.95,509,671,748,554,5551,2352,0,0,4.90,6.46,7.20,5.33,53.45,22.65,0.00,0.00
2026-01-07T23:08:41.035Z,yes,0.97,463,587,609,419,3662,912,0,0,6.96,8.82,9.16,6.30,55.05,13.71,0.00,0.00
2026-01-07T23:08:41.035Z,yes,0.99,265,379,151,107,1166,106,0,0,12.19,17.43,6.95,4.92,53.63,4.88,0.00,0.00
2026-01-07T23:08:41.035Z,no,0.95,434,380,187,449,2334,1331,0,0,8.48,7.43,3.66,8.78,45.63,26.02,0.00,0.00
2026-01-07T23:08:41.035Z,no,0.97,397,294,115,431,1430,393,0,0,12.97,9.61,3.76,14.08,46.73,12.84,0.00,0.00
2026-01-07T23:08:41.035Z,no,0.99,196,96,59,309,244,2,0,0,21.63,10.60,6.51,34.11,26.93,0.22,0.00,0.00
2026-01-07T23:09:41.036Z,yes,0.95,509,671,748,554,5551,2352,0,0,4.90,6.46,7.20,5.33,53.45,22.65,0.00,0.00
2026-01-07T23:09:41.036Z,yes,0.97,463,587,609,419,3662,912,0,0,6.96,8.82,9.16,6.30,55.05,13.71,0.00,0.00
2026-01-07T23:09:41.036Z,yes,0.99,265,379,151,107,1166,106,0,0,12.19,17.43,6.95,4.92,53.63,4.88,0.00,0.00
2026-01-07T23:09:41.036Z,no,0.95,434,380,187,449,2334,1465,0,0,8.27,7.24,3.56,8.55,44.47,27.91,0.00,0.00
2026-01-07T23:09:41.036Z,no,0.97,397,294,115,431,1430,437,0,0,12.79,9.47,3.70,13.89,46.07,14.08,0.00,0.00
2026-01-07T23:09:41.036Z,no,0.99,196,96,59,309,244,2,0,0,21.63,10.60,6.51,34.11,26.93,0.22,0.00,0.00
2026-01-07T23:10:41.037Z,yes,0.95,509,671,748,554,5551,2352,0,0,4.90,6.46,7.20,5.33,53.45,22.65,0.00,0.00
2026-01-07T23:10:41.037Z,yes,0.97,463,587,609,419,3662,912,0,0,6.96,8.82,9.16,6.30,55.05,13.71,0.00,0.00
2026-01-07T23:10:41.037Z,yes,0.99,265,379,151,107,1166,106,0,0,12.19,17.43,6.95,4.92,53.63,4.88,0.00,0.00
2026-01-07T23:10:41.037Z,no,0.95,434,380,187,449,3057,1720,0,0,6.97,6.10,3.00,7.21,49.09,27.62,0.00,0.00
2026-01-07T23:10:41.037Z,no,0.97,397,294,115,431,2131,500,0,0,10.26,7.60,2.97,11.14,55.09,12.93,0.00,0.00
2026-01-07T23:10:41.037Z,no,0.99,196,96,59,309,291,2,0,0,20.57,10.07,6.19,32.42,30.54,0.21,0.00,0.00
2026-01-07T23:11:41.039Z,yes,0.95,509,671,748,554,5551,2352,0,0,4.90,6.46,7.20,5.33,53.45,22.65,0.00,0.00
2026-01-07T23:11:41.039Z,yes,0.97,463,587,609,419,3662,912,0,0,6.96,8.82,9.16,6.30,55.05,13.71,0.00,0.00
2026-01-07T23:11:41.039Z,yes,0.99,265,379,151,107,1166,106,0,0,12.19,17.43,6.95,4.92,53.63,4.88,0.00,0.00
2026-01-07T23:11:41.039Z,no,0.95,434,380,187,449,3777,1720,0,0,6.25,5.47,2.69,6.46,54.37,24.76,0.00,0.00
2026-01-07T23:11:41.039Z,no,0.97,397,294,115,431,2544,500,0,0,9.27,6.87,2.69,10.07,59.43,11.68,0.00,0.00
2026-01-07T23:11:41.039Z,no,0.99,196,96,59,309,380,2,0,0,18.81,9.21,5.66,29.65,36.47,0.19,0.00,0.00
2026-01-07T23:12:41.040Z,yes,0.95,509,671,748,554,5551,2352,0,0,4.90,6.46,7.20,5.33,53.45,22.65,0.00,0.00
2026-01-07T23:12:41.040Z,yes,0.97,463,587,609,419,3662,912,0,0,6.96,8.82,9.16,6.30,55.05,13.71,0.00,0.00
2026-01-07T23:12:41.040Z,yes,0.99,265,379,151,107,1166,106,0,0,12.19,17.43,6.95,4.92,53.63,4.88,0.00,0.00
2026-01-07T23:12:41.040Z,no,0.95,434,380,187,449,4020,1720,0,0,6.04,5.29,2.60,6.24,55.91,23.92,0.00,0.00
2026-01-07T23:12:41.040Z,no,0.97,397,294,115,431,2741,500,0,0,8.87,6.57,2.57,9.62,61.21,11.17,0.00,0.00
2026-01-07T23:12:41.040Z,no,0.99,196,96,59,309,476,2,0,0,17.22,8.44,5.18,27.15,41.83,0.18,0.00,0.00
2026-01-07T23:13:41.042Z,yes,0.95,509,671,748,554,5551,2352,0,0,4.90,6.46,7.20,5.33,53.45,22.65,0.00,0.00
2026-01-07T23:13:41.042Z,yes,0.97,463,587,609,419,3662,912,0,0,6.96,8.82,9.16,6.30,55.05,13.71,0.00,0.00
2026-01-07T23:13:41.042Z,yes,0.99,265,379,151,107,1166,106,0,0,12.19,17.43,6.95,4.92,53.63,4.88,0.00,0.00
2026-01-07T23:13:41.042Z,no,0.95,434,380,187,449,4088,1720,0,0,5.98,5.24,2.58,6.19,56.32,23.70,0.00,0.00
2026-01-07T23:13:41.042Z,no,0.97,397,294,115,431,2793,500,0,0,8.76,6.49,2.54,9.51,61.66,11.04,0.00,0.00
2026-01-07T23:13:41.042Z,no,0.99,196,96,59,309,520,2,0,0,16.58,8.12,4.99,26.14,43.99,0.17,0.00,0.00
2026-01-07T23:14:41.042Z,yes,0.95,509,671,748,554,5551,2352,0,0,4.90,6.46,7.20,5.33,53.45,22.65,0.00,0.00
2026-01-07T23:14:41.042Z,yes,0.97,463,587,609,419,3662,912,0,0,6.96,8.82,9.16,6.30,55.05,13.71,0.00,0.00
2026-01-07T23:14:41.042Z,yes,0.99,265,379,151,107,1166,106,0,0,12.19,17.43,6.95,4.92,53.63,4.88,0.00,0.00
2026-01-07T23:14:41.042Z,no,0.95,434,380,417,508,4090,1720,0,0,5.75,5.03,5.52,6.73,54.18,22.78,0.00,0.00
2026-01-07T23:14:41.042Z,no,0.97,397,294,277,454,2795,500,0,0,8.42,6.23,5.87,9.62,59.25,10.60,0.00,0.00
2026-01-07T23:14:41.042Z,no,0.99,196,96,91,326,522,2,0,0,15.90,7.79,7.38,26.44,42.34,0.16,0.00,0.00
2026-01-07T23:15:41.043Z,yes,0.95,700,671,748,554,5551,2352,0,0,6.62,6.34,7.07,5.24,52.49,22.24,0.00,0.00
2026-01-07T23:15:41.043Z,yes,0.97,647,587,609,419,3662,912,0,0,9.46,8.59,8.91,6.13,53.57,13.34,0.00,0.00
2026-01-07T23:15:41.043Z,yes,0.99,319,379,151,107,1166,106,0,0,14.32,17.01,6.78,4.80,52.33,4.76,0.00,0.00
2026-01-07T23:15:41.043Z,no,0.95,506,388,417,508,4090,1720,0,0,6.63,5.09,5.47,6.66,53.61,22.55,0.00,0.00
2026-01-07T23:15:41.043Z,no,0.97,469,302,277,454,2795,500,0,0,9.78,6.30,5.77,9.46,58.27,10.42,0.00,0.00
2026-01-07T23:15:41.043Z,no,0.99,260,104,91,326,522,2,0,0,19.92,7.97,6.97,24.98,40.00,0.15,0.00,0.00
